split,class_name,class_id,sequence_index,group_id,image,label,source_image,source_label,sha256,phash_hex
train,cup,1,3,cup_g002,images/train/cup_0003.jpg,labels/train/cup_0003.txt,raw_images/cup_yolo_annotated/images/cup_0003.jpg,raw_images/cup_yolo_annotated/labels/cup_0003.txt,bb85c9f9344a5546e00636a93b94269b47af28401d194e3762337533abe31bdb,b06a8fa4444e7f6a
train,cup,1,4,cup_g002,images/train/cup_0004.jpg,labels/train/cup_0004.txt,raw_images/cup_yolo_annotated/images/cup_0004.jpg,raw_images/cup_yolo_annotated/labels/cup_0004.txt,b67a00f7893d56a5236d579ff102295f60f228151644fe4a5d3a6a4855610448,b84a2fa0044e7f7e
train,cup,1,7,cup_g005,images/train/cup_0007.jpg,labels/train/cup_0007.txt,raw_images/cup_yolo_annotated/images/cup_0007.jpg,raw_images/cup_yolo_annotated/labels/cup_0007.txt,b7f8d050d234114d4aef4feaf1915e871f9e3dcff67d628d5bf0b48ee078726c,b0788fa584447e7e
train,cup,1,8,cup_g005,images/train/cup_0008.jpg,labels/train/cup_0008.txt,raw_images/cup_yolo_annotated/images/cup_0008.jpg,raw_images/cup_yolo_annotated/labels/cup_0008.txt,d018bbec9c3f01c38fa19034707c67f9b2244a2e301a8041f63bd6fbbf9a6f31,f078cfa504447c7e
train,cup,1,9,cup_g005,images/train/cup_0009.jpg,labels/train/cup_0009.txt,raw_images/cup_yolo_annotated/images/cup_0009.jpg,raw_images/cup_yolo_annotated/labels/cup_0009.txt,d101b9866a31255b26c0352cb46b58a1e0f2e75a21171b479a57c3744764fcb3,f078cfa444407e7e
train,cup,1,10,cup_g006,images/train/cup_0010.jpg,labels/train/cup_0010.txt,raw_images/cup_yolo_annotated/images/cup_0010.jpg,raw_images/cup_yolo_annotated/labels/cup_0010.txt,5692c8e019ea7f8db385664d7290cd0666712f3d0cba32fdd858f9b72774c3a2,f86a87b4444b7e2a
train,cup,1,11,cup_g006,images/train/cup_0011.jpg,labels/train/cup_0011.txt,raw_images/cup_yolo_annotated/images/cup_0011.jpg,raw_images/cup_yolo_annotated/labels/cup_0011.txt,22cbb141395cb8c531233d4eef89aa7919c54b3dcb4531335b220a33cef290ed,f86a87b4447f7e00
train,cup,1,12,cup_g006,images/train/cup_0012.jpg,labels/train/cup_0012.txt,raw_images/cup_yolo_annotated/images/cup_0012.jpg,raw_images/cup_yolo_annotated/labels/cup_0012.txt,575292e4f5f3b37ad1b980177ac7771290738326c3459ae3d77e04fb30b52432,f86a8fa4446f7e20
train,cup,1,13,cup_g007,images/train/cup_0013.jpg,labels/train/cup_0013.txt,raw_images/cup_yolo_annotated/images/cup_0013.jpg,raw_images/cup_yolo_annotated/labels/cup_0013.txt,5350b7b3f1a1ee5aa3231b6afc0f4336e768274e14797ab5bcde9cfa95b0ffb1,fa4ce59441497e3a
train,cup,1,14,cup_g007,images/train/cup_0014.jpg,labels/train/cup_0014.txt,raw_images/cup_yolo_annotated/images/cup_0014.jpg,raw_images/cup_yolo_annotated/labels/cup_0014.txt,9874fb6f6ab4d6c296e9ed685177e58a57abf9abacc6e52be311899eef00b287,db48e494414c7f3b
train,cup,1,17,cup_g009,images/train/cup_0017.jpg,labels/train/cup_0017.txt,raw_images/cup_yolo_annotated/images/cup_0017.jpg,raw_images/cup_yolo_annotated/labels/cup_0017.txt,8d9576a911dcde48419a209ef3cd275422982c0192579a7ff27d9bdfe01b89f4,b55dc2ab5e50f034
train,cup,1,18,cup_g010,images/train/cup_0018.jpg,labels/train/cup_0018.txt,raw_images/cup_yolo_annotated/images/cup_0018.jpg,raw_images/cup_yolo_annotated/labels/cup_0018.txt,dc1f91afe0494acd1294cb547cf449d61e9734ab5a22965e14ce29578c795036,b752c0be5d556131
train,cup,1,19,cup_g010,images/train/cup_0019.jpg,labels/train/cup_0019.txt,raw_images/cup_yolo_annotated/images/cup_0019.jpg,raw_images/cup_yolo_annotated/labels/cup_0019.txt,cbb5afaa3ce5acf3c48ce509d8cf342b8e1ea0f38210797f6e32711b65f453bb,b742e0be5f50e138
train,cup,1,20,cup_g010,images/train/cup_0020.jpg,labels/train/cup_0020.txt,raw_images/cup_yolo_annotated/images/cup_0020.jpg,raw_images/cup_yolo_annotated/labels/cup_0020.txt,2c77a3037c26acbc86e44d3f948eaf69aa194dd37eb6e6de26d3a02134b9d7d4,9750e8be5f52e034
train,cup,1,21,cup_g010,images/train/cup_0021.jpg,labels/train/cup_0021.txt,raw_images/cup_yolo_annotated/images/cup_0021.jpg,raw_images/cup_yolo_annotated/labels/cup_0021.txt,2540c2227cb9a3ca859b541094e75798725299f95b09a78baad88410247af71e,f750e8bf5f506024
train,cup,1,22,cup_g010,images/train/cup_0022.jpg,labels/train/cup_0022.txt,raw_images/cup_yolo_annotated/images/cup_0022.jpg,raw_images/cup_yolo_annotated/labels/cup_0022.txt,b63e71ccf48dcc45499a86c85b2a34032e758418ae5fab45d66b3505e40b4faa,e752f8be5f506120
train,cup,1,23,cup_g010,images/train/cup_0023.jpg,labels/train/cup_0023.txt,raw_images/cup_yolo_annotated/images/cup_0023.jpg,raw_images/cup_yolo_annotated/labels/cup_0023.txt,2ea22b1543ca6253dd763835d1ec33a2ab732e1ea0c2893c7ac65a9228651c0b,e752f8bd5f526020
train,cup,1,24,cup_g010,images/train/cup_0024.jpg,labels/train/cup_0024.txt,raw_images/cup_yolo_annotated/images/cup_0024.jpg,raw_images/cup_yolo_annotated/labels/cup_0024.txt,d2a4395a2a5e2963e42a070454eff3cd92b4665342b2fb0bff3d4b38f67c8112,d352f8bf5f526020
train,cup,1,25,cup_g010,images/train/cup_0025.jpg,labels/train/cup_0025.txt,raw_images/cup_yolo_annotated/images/cup_0025.jpg,raw_images/cup_yolo_annotated/labels/cup_0025.txt,58fc0e57d2c728be4fdb41eeb27344898ea08aaa9063c75c8569c4a69df44d50,d352f8bd5f526024
train,cup,1,26,cup_g010,images/train/cup_0026.jpg,labels/train/cup_0026.txt,raw_images/cup_yolo_annotated/images/cup_0026.jpg,raw_images/cup_yolo_annotated/labels/cup_0026.txt,dd81544253b466a3c0365fa1b058f6fc0bf13408d95f8741fc1af6c20e2f0632,c352ecbf5f527020
train,cup,1,27,cup_g011,images/train/cup_0027.jpg,labels/train/cup_0027.txt,raw_images/cup_yolo_annotated/images/cup_0027.jpg,raw_images/cup_yolo_annotated/labels/cup_0027.txt,ae5fe1583015e29925c18b8cb74921eee9b7fe44329128e0ffcf2771ab0f4b46,935aeead5a427036
train,cup,1,30,cup_g013,images/train/cup_0030.jpg,labels/train/cup_0030.txt,raw_images/cup_yolo_annotated/images/cup_0030.jpg,raw_images/cup_yolo_annotated/labels/cup_0030.txt,15448124195ab528dd02d7f5d2ca6c9d5263bde53b22ab5d6ffa1040e599e7e8,f250e8bf5b527034
train,cup,1,31,cup_g013,images/train/cup_0031.jpg,labels/train/cup_0031.txt,raw_images/cup_yolo_annotated/images/cup_0031.jpg,raw_images/cup_yolo_annotated/labels/cup_0031.txt,f75c7171ac05db47995828de317fc440c19f1f79893ff074ce0d94e083d156ed,b050e8af5b5bf034
train,cup,1,32,cup_g013,images/train/cup_0032.jpg,labels/train/cup_0032.txt,raw_images/cup_yolo_annotated/images/cup_0032.jpg,raw_images/cup_yolo_annotated/labels/cup_0032.txt,c420b4dc2aaac002d0ae39bbf69169eeb56a7e85ecb866bc0f9bd09d1301eb3e,b050e8af5b5bf034
train,cup,1,33,cup_g013,images/train/cup_0033.jpg,labels/train/cup_0033.txt,raw_images/cup_yolo_annotated/images/cup_0033.jpg,raw_images/cup_yolo_annotated/labels/cup_0033.txt,9f665be294be3e08321054666657752b13176db58bbf243532ec33fcfea1c3d7,b250e8af5b5b7034
train,cup,1,34,cup_g013,images/train/cup_0034.jpg,labels/train/cup_0034.txt,raw_images/cup_yolo_annotated/images/cup_0034.jpg,raw_images/cup_yolo_annotated/labels/cup_0034.txt,353198b92424e6a25ca7410bc1ae964999c1d2a3c0526b20101821bd1d712805,9250e8bf5f5a7034
train,cup,1,35,cup_g014,images/train/cup_0035.jpg,labels/train/cup_0035.txt,raw_images/cup_yolo_annotated/images/cup_0035.jpg,raw_images/cup_yolo_annotated/labels/cup_0035.txt,6ad42f8b937ed49ffd2d6e1fe04a728aa3656937cf5e285c24cb653dc0b636f9,9250e8a55b52753f
train,cup,1,36,cup_g014,images/train/cup_0036.jpg,labels/train/cup_0036.txt,raw_images/cup_yolo_annotated/images/cup_0036.jpg,raw_images/cup_yolo_annotated/labels/cup_0036.txt,dcc08e886677ec509f62512acd51afa62bbb3244c2fbaa4388aeb58c911e0fc4,9250e8b55a52f4be
train,cup,1,37,cup_g014,images/train/cup_0037.jpg,labels/train/cup_0037.txt,raw_images/cup_yolo_annotated/images/cup_0037.jpg,raw_images/cup_yolo_annotated/labels/cup_0037.txt,7ea4b028a0ae61240f38d7b73fca1e3dd46a93b0159919eea6faada018e4cf87,b650e8b75a52f0b4
train,cup,1,38,cup_g014,images/train/cup_0038.jpg,labels/train/cup_0038.txt,raw_images/cup_yolo_annotated/images/cup_0038.jpg,raw_images/cup_yolo_annotated/labels/cup_0038.txt,08661e9b6e45606bc572dbddd3d40b9b162ece156af58611cfea46e951f67753,f644e8bf5e527030
train,cup,1,39,cup_g014,images/train/cup_0039.jpg,labels/train/cup_0039.txt,raw_images/cup_yolo_annotated/images/cup_0039.jpg,raw_images/cup_yolo_annotated/labels/cup_0039.txt,fdfb3ae2043ce1d26dceed1743e091cd39c762313090550fb0b53154eb3df4de,f640e8be5e52f0b0
train,cup,1,40,cup_g014,images/train/cup_0040.jpg,labels/train/cup_0040.txt,raw_images/cup_yolo_annotated/images/cup_0040.jpg,raw_images/cup_yolo_annotated/labels/cup_0040.txt,077e5f002680852c44245f9d6ef6fef6036ff5f4c8a241233eac2c5d3dacb5e8,f240e8bd5e5a70f0
train,cup,1,41,cup_g014,images/train/cup_0041.jpg,labels/train/cup_0041.txt,raw_images/cup_yolo_annotated/images/cup_0041.jpg,raw_images/cup_yolo_annotated/labels/cup_0041.txt,fae036f3ebc9956be946e588654feed7f85ca9d80d1134e92ad271d1afc746e8,f640e8bf5e5270b0
train,cup,1,42,cup_g010,images/train/cup_0042.jpg,labels/train/cup_0042.txt,raw_images/cup_yolo_annotated/images/cup_0042.jpg,raw_images/cup_yolo_annotated/labels/cup_0042.txt,fb4b3682d37acd863ca068f750e64c48a6751fc7bd41e75c7cb582485cda7720,a75098bc5e56e1e1
train,cup,1,43,cup_g010,images/train/cup_0043.jpg,labels/train/cup_0043.txt,raw_images/cup_yolo_annotated/images/cup_0043.jpg,raw_images/cup_yolo_annotated/labels/cup_0043.txt,782a1d6a3e76d43ea56ede823793fa197cbcad47f1027ed4caee2e55530fa7bb,a752d8bc5e56e1a0
train,cup,1,44,cup_g010,images/train/cup_0044.jpg,labels/train/cup_0044.txt,raw_images/cup_yolo_annotated/images/cup_0044.jpg,raw_images/cup_yolo_annotated/labels/cup_0044.txt,c22f8ec10e81f2be0c857bd04aaefa4dd9024f9563e03565f109770553d7a406,a752f8bc5e46e1a0
train,cup,1,45,cup_g010,images/train/cup_0045.jpg,labels/train/cup_0045.txt,raw_images/cup_yolo_annotated/images/cup_0045.jpg,raw_images/cup_yolo_annotated/labels/cup_0045.txt,e3975dd6b297bd368043b75e068c0124e6995efeda7b0a0076f78be0f41217c0,f75af8bc5e526020
train,cup,1,46,cup_g010,images/train/cup_0046.jpg,labels/train/cup_0046.txt,raw_images/cup_yolo_annotated/images/cup_0046.jpg,raw_images/cup_yolo_annotated/labels/cup_0046.txt,c140224e500ac73f389b881c06ab48a6f7c65ce019a468f5df74b951d6e9f420,e75af8bc5e566020
train,cup,1,47,cup_g010,images/train/cup_0047.jpg,labels/train/cup_0047.txt,raw_images/cup_yolo_annotated/images/cup_0047.jpg,raw_images/cup_yolo_annotated/labels/cup_0047.txt,fb5ba05d417ada9237daf88f4d4ca5e917f73df90038da0b2749570149aabdcc,f74ae8b65e52f020
train,cup,1,48,cup_g010,images/train/cup_0048.jpg,labels/train/cup_0048.txt,raw_images/cup_yolo_annotated/images/cup_0048.jpg,raw_images/cup_yolo_annotated/labels/cup_0048.txt,d39f82c260e2ed46ecb27a7451afb6907adfe5545a8194e337f743fe56ed3950,f75af8b65e526020
train,cup,1,49,cup_g015,images/train/cup_0049.jpg,labels/train/cup_0049.txt,raw_images/cup_yolo_annotated/images/cup_0049.jpg,raw_images/cup_yolo_annotated/labels/cup_0049.txt,66aaae57a0f04f8152422d29a6c148b3fa92b61361cee6b3c1e171baf94e7b87,d158f8b65e42f02e
train,cup,1,50,cup_g015,images/train/cup_0050.jpg,labels/train/cup_0050.txt,raw_images/cup_yolo_annotated/images/cup_0050.jpg,raw_images/cup_yolo_annotated/labels/cup_0050.txt,c9dcf99e8b1ce2f075ae2ca0277ee53c275d65f2d4870a92944676cb36351911,d358fcb65a42f02c
train,cup,1,51,cup_g016,images/train/cup_0051.jpg,labels/train/cup_0051.txt,raw_images/cup_yolo_annotated/images/cup_0051.jpg,raw_images/cup_yolo_annotated/labels/cup_0051.txt,012b7ac6c866a0dffa3d7958eccd569c197f32961b3bfc74510518838540f5f8,9052ef975b52f034
train,cup,1,52,cup_g016,images/train/cup_0052.jpg,labels/train/cup_0052.txt,raw_images/cup_yolo_annotated/images/cup_0052.jpg,raw_images/cup_yolo_annotated/labels/cup_0052.txt,921ee781ce9df92b1c9c1124879b5c4276fb13538c5cc499ef7ed0a57711ad9a,d042ef954b5b7036
train,cup,1,53,cup_g016,images/train/cup_0053.jpg,labels/train/cup_0053.txt,raw_images/cup_yolo_annotated/images/cup_0053.jpg,raw_images/cup_yolo_annotated/labels/cup_0053.txt,b62206a4cbfb78a3c9288f8396ca9b2d4b7f28689776a38455b8cc7238c42b5b,d040ebbd4b5bf034
train,cup,1,54,cup_g016,images/train/cup_0054.jpg,labels/train/cup_0054.txt,raw_images/cup_yolo_annotated/images/cup_0054.jpg,raw_images/cup_yolo_annotated/labels/cup_0054.txt,f40ad309ea178d04d3849e0186ee589eb4c58fd048c277e6e5dd57e94d7e89af,d040ebbd4b5bf034
train,cup,1,55,cup_g016,images/train/cup_0055.jpg,labels/train/cup_0055.txt,raw_images/cup_yolo_annotated/images/cup_0055.jpg,raw_images/cup_yolo_annotated/labels/cup_0055.txt,4b070ff7573f63c79cdfc5ea2f60dad1aaf38e17aad58080a77a9c5ad0cb9fdf,d040eabd5f5af034
train,cup,1,56,cup_g017,images/train/cup_0056.jpg,labels/train/cup_0056.txt,raw_images/cup_yolo_annotated/images/cup_0056.jpg,raw_images/cup_yolo_annotated/labels/cup_0056.txt,aaa55c43e12a9dc842d06aabd1c54f491b94f79155e4c7ac24dae24f60563809,9350fabf5e527024
train,cup,1,57,cup_g018,images/train/cup_0057.jpg,labels/train/cup_0057.txt,raw_images/cup_yolo_annotated/images/cup_0057.jpg,raw_images/cup_yolo_annotated/labels/cup_0057.txt,137d9ebf8d16e74b5f5401dba9fd2223403219b23bb7909e4aae969906e17de2,8540eaaf5f52f074
train,cup,1,58,cup_g019,images/train/cup_0058.jpg,labels/train/cup_0058.txt,raw_images/cup_yolo_annotated/images/cup_0058.jpg,raw_images/cup_yolo_annotated/labels/cup_0058.txt,d8e9491e0e1328077a02c444529a30e90bd794c8bf8b8c8f7a40168e43717e27,8574cabf5a5af021
train,cup,1,59,cup_g019,images/train/cup_0059.jpg,labels/train/cup_0059.txt,raw_images/cup_yolo_annotated/images/cup_0059.jpg,raw_images/cup_yolo_annotated/labels/cup_0059.txt,9367e0066b4391ef1150bd8e069b1e72d565f79bcd285342aaad3622383df57b,e554eabf5e52e020
train,cup,1,60,cup_g019,images/train/cup_0060.jpg,labels/train/cup_0060.txt,raw_images/cup_yolo_annotated/images/cup_0060.jpg,raw_images/cup_yolo_annotated/labels/cup_0060.txt,7ce7828c7d0667294e5518bcaba039a08acba35483c477c793c4c1f5b8402859,e546eabf5e52e020
train,cup,1,61,cup_g019,images/train/cup_0061.jpg,labels/train/cup_0061.txt,raw_images/cup_yolo_annotated/images/cup_0061.jpg,raw_images/cup_yolo_annotated/labels/cup_0061.txt,dac3609c2d8c567d597f24c149be9fe8098dda602b1492fd14e158a8d8c17641,8554cabf5f52e0e0
train,cup,1,63,cup_g013,images/train/cup_0063.jpg,labels/train/cup_0063.txt,raw_images/cup_yolo_annotated/images/cup_0063.jpg,raw_images/cup_yolo_annotated/labels/cup_0063.txt,1fb9b2ad8abed8c95c44bb295bd4aec7197f1f1e1f16838271b551d8b02d1dc1,9250e92f5e5af0b4
train,cup,1,64,cup_g013,images/train/cup_0064.jpg,labels/train/cup_0064.txt,raw_images/cup_yolo_annotated/images/cup_0064.jpg,raw_images/cup_yolo_annotated/labels/cup_0064.txt,22cd06cbcc8a8ea60e63e31b857e694689205080037656c8b5df8798e0c73f98,9250e9af5e5af034
train,cup,1,65,cup_g013,images/train/cup_0065.jpg,labels/train/cup_0065.txt,raw_images/cup_yolo_annotated/images/cup_0065.jpg,raw_images/cup_yolo_annotated/labels/cup_0065.txt,9a4294e877372acc662f220cb1c136db5e6c25280038acf6831ef4fbcf6a607e,9250e9af4e4af0f4
train,cup,1,66,cup_g013,images/train/cup_0066.jpg,labels/train/cup_0066.txt,raw_images/cup_yolo_annotated/images/cup_0066.jpg,raw_images/cup_yolo_annotated/labels/cup_0066.txt,15dd791c59491a06485df428b81c289383b9d991c7452f1c70b96d5f8861a259,d252e9af5e5a7030
train,cup,1,70,cup_g024,images/train/cup_0070.jpg,labels/train/cup_0070.txt,raw_images/cup_yolo_annotated/images/cup_0070.jpg,raw_images/cup_yolo_annotated/labels/cup_0070.txt,2dfe6eac3596c2c3af20a3350ea6e7d96a994594e7c841bdbf97c8242cb13282,9b7fed9283c008b3
train,cup,1,71,cup_g025,images/train/cup_0071.jpg,labels/train/cup_0071.txt,raw_images/cup_yolo_annotated/images/cup_0071.jpg,raw_images/cup_yolo_annotated/labels/cup_0071.txt,2db5932fc395ffceae2bf3746ac40900d1fedc81964e121a64e40738bdef4899,9b7bcd9b9b410123
train,cup,1,72,cup_g026,images/train/cup_0072.jpg,labels/train/cup_0072.txt,raw_images/cup_yolo_annotated/images/cup_0072.jpg,raw_images/cup_yolo_annotated/labels/cup_0072.txt,00331be95de9436e613d75e2c3e5f7c26d5f3df465480b157377f2150f967bb3,be7acddb9b20010b
train,cup,1,75,cup_g029,images/train/cup_0075.jpg,labels/train/cup_0075.txt,raw_images/cup_yolo_annotated/images/cup_0075.jpg,raw_images/cup_yolo_annotated/labels/cup_0075.txt,0d7b8bf7a91cbce138842e15656874fd97ca0db94c1d9dddf37ab6d3e45d5cd1,f949c9837b8d5930
train,cup,1,77,cup_g031,images/train/cup_0077.jpg,labels/train/cup_0077.txt,raw_images/cup_yolo_annotated/images/cup_0077.jpg,raw_images/cup_yolo_annotated/labels/cup_0077.txt,aecab29425afefa2fbee412073c7100f421476896e95e1d88d2d21682057f70a,f26ec6a642a92d95
train,cup,1,79,cup_g033,images/train/cup_0079.jpg,labels/train/cup_0079.txt,raw_images/cup_yolo_annotated/images/cup_0079.jpg,raw_images/cup_yolo_annotated/labels/cup_0079.txt,6158d0fc21e5ccafa5d6074583a04b6107a7825b09ce39aeba849da931ce5bd6,e131f59523c3a749
train,cup,1,80,cup_g034,images/train/cup_0080.jpg,labels/train/cup_0080.txt,raw_images/cup_yolo_annotated/images/cup_0080.jpg,raw_images/cup_yolo_annotated/labels/cup_0080.txt,2f51fda59f499a4b67e75a47c72c80fd224a3af82775224a45bc694c21b23895,fe3b4b9234c8512d
train,cup,1,81,cup_g035,images/train/cup_0081.jpg,labels/train/cup_0081.txt,raw_images/cup_yolo_annotated/images/cup_0081.jpg,raw_images/cup_yolo_annotated/labels/cup_0081.txt,43837151c3780a3acc8c030864f363eb4a4c56834c3d72d2f87a2fa8cb049cb7,fb1b4b12b6c93825
train,cup,1,82,cup_g036,images/train/cup_0082.jpg,labels/train/cup_0082.txt,raw_images/cup_yolo_annotated/images/cup_0082.jpg,raw_images/cup_yolo_annotated/labels/cup_0082.txt,5cfc39588a4c0640318f8b611eb47ef165a774ebe1f3145ebdd7380bbbe39f2a,f80c4c1bdbe51e26
train,cup,1,83,cup_g037,images/train/cup_0083.jpg,labels/train/cup_0083.txt,raw_images/cup_yolo_annotated/images/cup_0083.jpg,raw_images/cup_yolo_annotated/labels/cup_0083.txt,0ffebae191334c6256b3e65502cdc899cd399c4933e18ca14a2f8b2e66ccc624,fe0c44369be99c52
train,cup,1,84,cup_g038,images/train/cup_0084.jpg,labels/train/cup_0084.txt,raw_images/cup_yolo_annotated/images/cup_0084.jpg,raw_images/cup_yolo_annotated/labels/cup_0084.txt,ba2531532567a9e8a732c9d65d2b91f144cae7143bd230fbb83bef5df0ce43f2,fe0664369ce10dcd
train,cup,1,85,cup_g039,images/train/cup_0085.jpg,labels/train/cup_0085.txt,raw_images/cup_yolo_annotated/images/cup_0085.jpg,raw_images/cup_yolo_annotated/labels/cup_0085.txt,174aaff4607ebaf5063b19900b71135e12265338dcaa3c53e823ec37a8a8e90f,db032232dbf316e4
train,cup,1,87,cup_g041,images/train/cup_0087.jpg,labels/train/cup_0087.txt,raw_images/cup_yolo_annotated/images/cup_0087.jpg,raw_images/cup_yolo_annotated/labels/cup_0087.txt,cd6ed0b587a8ba5334719434c7cc8b197028dde233e761cf46abbbede2244b62,d581663669391cdb
train,cup,1,88,cup_g042,images/train/cup_0088.jpg,labels/train/cup_0088.txt,raw_images/cup_yolo_annotated/images/cup_0088.jpg,raw_images/cup_yolo_annotated/labels/cup_0088.txt,4569b247b2b65f470038332e6d266ad283f4628320a0dfbad6066f6464fd9260,da9e292b425a1e3d
train,cup,1,89,cup_g043,images/train/cup_0089.jpg,labels/train/cup_0089.txt,raw_images/cup_yolo_annotated/images/cup_0089.jpg,raw_images/cup_yolo_annotated/labels/cup_0089.txt,8ce23581b9ecf62d9caa9b96c84c4c0b57c15944e3b4d0afc06fccab78f7c161,fb903e0296876b1b
train,cup,1,90,cup_g044,images/train/cup_0090.jpg,labels/train/cup_0090.txt,raw_images/cup_yolo_annotated/images/cup_0090.jpg,raw_images/cup_yolo_annotated/labels/cup_0090.txt,6917076850349abe366e8caf933cdaeda6e35d2df6d7cd68f5a03d82f7d35453,93e46b1e8ce71e14
train,cup,1,91,cup_g045,images/train/cup_0091.jpg,labels/train/cup_0091.txt,raw_images/cup_yolo_annotated/images/cup_0091.jpg,raw_images/cup_yolo_annotated/labels/cup_0091.txt,c9cad38581467c6af52176bb855713fb5092b0429ecfef6bd9fdde02aa0e1432,b3c9713419147db3
train,cup,1,92,cup_g046,images/train/cup_0092.jpg,labels/train/cup_0092.txt,raw_images/cup_yolo_annotated/images/cup_0092.jpg,raw_images/cup_yolo_annotated/labels/cup_0092.txt,e679c80dc44fc3726adc46b32e7d181236f1ea40de42e9face211725b8d9d2b3,9be2c63161147b37
train,cup,1,94,cup_g048,images/train/cup_0094.jpg,labels/train/cup_0094.txt,raw_images/cup_yolo_annotated/images/cup_0094.jpg,raw_images/cup_yolo_annotated/labels/cup_0094.txt,c078aca9307f035aed14a8b3ebb6663bcb564ff5401aea12fae1645e751a1b65,aaff85c0d860332f
train,cup,1,95,cup_g049,images/train/cup_0095.jpg,labels/train/cup_0095.txt,raw_images/cup_yolo_annotated/images/cup_0095.jpg,raw_images/cup_yolo_annotated/labels/cup_0095.txt,612eb9249071f701534502d4ebf4117363f009889420cbf76f40f16b48e04c50,a2e099c15b8e6779
train,cup,1,96,cup_g050,images/train/cup_0096.jpg,labels/train/cup_0096.txt,raw_images/cup_yolo_annotated/images/cup_0096.jpg,raw_images/cup_yolo_annotated/labels/cup_0096.txt,2536b14409d699fb3e0049dce6ab16375c50a3bf3375bccdc789eddcf4570c6d,b1e492ce73cdc360
train,cup,1,100,cup_g054,images/train/cup_0100.jpg,labels/train/cup_0100.txt,raw_images/cup_yolo_annotated/images/cup_0100.jpg,raw_images/cup_yolo_annotated/labels/cup_0100.txt,ba4a22bf1d88b980b0816ca3946d572ccf8cf01618cba7a78e819cae3e9f81cb,b07497c0501ebbcf
train,cup,1,101,cup_g055,images/train/cup_0101.jpg,labels/train/cup_0101.txt,raw_images/cup_yolo_annotated/images/cup_0101.jpg,raw_images/cup_yolo_annotated/labels/cup_0101.txt,41fbaf399364de42b875309f3fcc9b7914b160850fb9f148bb2ee69850e87bec,a959ccec84b4e666
train,cup,1,102,cup_g056,images/train/cup_0102.jpg,labels/train/cup_0102.txt,raw_images/cup_yolo_annotated/images/cup_0102.jpg,raw_images/cup_yolo_annotated/labels/cup_0102.txt,423605d69c23849068ec080f140776c23258101c02d1687b196135e1aff41849,ab5ecce9b0b26a09
train,cup,1,103,cup_g057,images/train/cup_0103.jpg,labels/train/cup_0103.txt,raw_images/cup_yolo_annotated/images/cup_0103.jpg,raw_images/cup_yolo_annotated/labels/cup_0103.txt,f9ff058690084af5e86f07d69cdeda289b7c72449767e1d28af4f086108be1a4,ab52c081367f9db4
train,cup,1,104,cup_g058,images/train/cup_0104.jpg,labels/train/cup_0104.txt,raw_images/cup_yolo_annotated/images/cup_0104.jpg,raw_images/cup_yolo_annotated/labels/cup_0104.txt,83460c95cb8d6b590a0e80f057defc091b8345b92d17ac09e975827417166cf2,e15f9e206b471c5c
train,cup,1,105,cup_g059,images/train/cup_0105.jpg,labels/train/cup_0105.txt,raw_images/cup_yolo_annotated/images/cup_0105.jpg,raw_images/cup_yolo_annotated/labels/cup_0105.txt,e11d523fe07ce09a34d3c34e52a8b82bc897580f269f96ba556059d4c13fc5b1,e1bfd4204e8f0cdc
train,cup,1,106,cup_g060,images/train/cup_0106.jpg,labels/train/cup_0106.txt,raw_images/cup_yolo_annotated/images/cup_0106.jpg,raw_images/cup_yolo_annotated/labels/cup_0106.txt,38510b03c3f22bee218a1a777b2872fc5185d53dbc7620119f7c7e9c5732a3fb,b0bdd7c022e70e4e
train,cup,1,107,cup_g061,images/train/cup_0107.jpg,labels/train/cup_0107.txt,raw_images/cup_yolo_annotated/images/cup_0107.jpg,raw_images/cup_yolo_annotated/labels/cup_0107.txt,3a03017045094bea3c01cd6f4591c83ef537429949e532bd643bf361b0da629c,b5d5793898b2e261
train,cup,1,108,cup_g062,images/train/cup_0108.jpg,labels/train/cup_0108.txt,raw_images/cup_yolo_annotated/images/cup_0108.jpg,raw_images/cup_yolo_annotated/labels/cup_0108.txt,d3571252be60696eda6cccb1e14d5af0aca4f2a39e2f6891d51255c233b2b87b,82d25b7f1f1f8520
train,cup,1,109,cup_g063,images/train/cup_0109.jpg,labels/train/cup_0109.txt,raw_images/cup_yolo_annotated/images/cup_0109.jpg,raw_images/cup_yolo_annotated/labels/cup_0109.txt,416d3100efea1e087bc3bcfa3e789029edc81fb994887a53404fd5a9686adeda,88dad272781b7e86
train,cup,1,110,cup_g064,images/train/cup_0110.jpg,labels/train/cup_0110.txt,raw_images/cup_yolo_annotated/images/cup_0110.jpg,raw_images/cup_yolo_annotated/labels/cup_0110.txt,9cad1b781f11cf25aeb68618c08848c80d2deed4f9500d634bc3730a26ec57ad,a0d0d2524e4f7b3b
train,cup,1,111,cup_g065,images/train/cup_0111.jpg,labels/train/cup_0111.txt,raw_images/cup_yolo_annotated/images/cup_0111.jpg,raw_images/cup_yolo_annotated/labels/cup_0111.txt,0f316191d1b5777bb04802e113b2e4d2e22bb75322aa6d5ec95f3699cc5fb907,e54d4c4969667617
train,cup,1,112,cup_g066,images/train/cup_0112.jpg,labels/train/cup_0112.txt,raw_images/cup_yolo_annotated/images/cup_0112.jpg,raw_images/cup_yolo_annotated/labels/cup_0112.txt,8e77b38fd54069958aac94efdd7f296a86e233bc1e1e785829e69b8d41f7fcbc,ca5adb1b3f2d1c10
train,cup,1,114,cup_g068,images/train/cup_0114.jpg,labels/train/cup_0114.txt,raw_images/cup_yolo_annotated/images/cup_0114.jpg,raw_images/cup_yolo_annotated/labels/cup_0114.txt,2ea63df25d12add451ef124cbe7c034bc45dbe9bce2ffcb6fb5964b04754b2ae,9664e566653d2726
train,cup,1,116,cup_g070,images/train/cup_0116.jpg,labels/train/cup_0116.txt,raw_images/cup_yolo_annotated/images/cup_0116.jpg,raw_images/cup_yolo_annotated/labels/cup_0116.txt,002b4befa34b824885e9ab484617dd29ac320b55e8dc86d7fe90295af852fa8a,9646ce2e2d0d476e
train,cup,1,117,cup_g071,images/train/cup_0117.jpg,labels/train/cup_0117.txt,raw_images/cup_yolo_annotated/images/cup_0117.jpg,raw_images/cup_yolo_annotated/labels/cup_0117.txt,07a4966ea9da07aeb8fe11ef0cf2bafaea0ff11a18b343af5ee56a38dce7a71c,8d15dc0d7a3a7878
train,cup,1,118,cup_g072,images/train/cup_0118.jpg,labels/train/cup_0118.txt,raw_images/cup_yolo_annotated/images/cup_0118.jpg,raw_images/cup_yolo_annotated/labels/cup_0118.txt,374dddbec41d750102be5bd5829af9755ab66d5df43251683b3ea6d24c3c2c19,aa9fdd0878787858
train,cup,1,119,cup_g073,images/train/cup_0119.jpg,labels/train/cup_0119.txt,raw_images/cup_yolo_annotated/images/cup_0119.jpg,raw_images/cup_yolo_annotated/labels/cup_0119.txt,1430f9f97d45955c7285ec1df9dbc3676d753cdb601a4e9ce93d453ff982578b,af13915e5e787830
train,mouse,0,1,mouse_g000,images/train/mouse_0001.jpg,labels/train/mouse_0001.txt,raw_images/mouse_yolo_annotated/images/mouse_0001.jpg,raw_images/mouse_yolo_annotated/labels/mouse_0001.txt,3a0f04dfee4f6c9bb0e35c0eb735baaeee8e206476275760b2d01da23e5a6d47,ab5fd40a2bb59582
train,mouse,0,2,mouse_g001,images/train/mouse_0002.jpg,labels/train/mouse_0002.txt,raw_images/mouse_yolo_annotated/images/mouse_0002.jpg,raw_images/mouse_yolo_annotated/labels/mouse_0002.txt,3ddbc911ecfa23846719c78846082c8047887eb1639afa0451b2c9aea7ee1d56,eb4cd53f2ba19482
train,mouse,0,3,mouse_g002,images/train/mouse_0003.jpg,labels/train/mouse_0003.txt,raw_images/mouse_yolo_annotated/images/mouse_0003.jpg,raw_images/mouse_yolo_annotated/labels/mouse_0003.txt,6205ab596d8398b80751801b73b40652d435154c4d25f3259a6267f3061f1bdc,ff4cc13f3ba08087
train,mouse,0,4,mouse_g002,images/train/mouse_0004.jpg,labels/train/mouse_0004.txt,raw_images/mouse_yolo_annotated/images/mouse_0004.jpg,raw_images/mouse_yolo_annotated/labels/mouse_0004.txt,e12c07fe56a3c6a22627a186be775ebaac8681475e4ffdb98120d833416da9de,ff4cc13f3ba08087
train,mouse,0,5,mouse_g002,images/train/mouse_0005.jpg,labels/train/mouse_0005.txt,raw_images/mouse_yolo_annotated/images/mouse_0005.jpg,raw_images/mouse_yolo_annotated/labels/mouse_0005.txt,0fce552ccb2ad39163106b4716a8d6ac781233dd58a8b65aa95c1376f50574a5,ff4cc13f2ba09087
train,mouse,0,6,mouse_g002,images/train/mouse_0006.jpg,labels/train/mouse_0006.txt,raw_images/mouse_yolo_annotated/images/mouse_0006.jpg,raw_images/mouse_yolo_annotated/labels/mouse_0006.txt,2d15e2f42e5ae7e65285bf292264315b92b7e5b4cdb509f9b190d7c30549ca4d,ff4cc13f3ba08087
train,mouse,0,7,mouse_g002,images/train/mouse_0007.jpg,labels/train/mouse_0007.txt,raw_images/mouse_yolo_annotated/images/mouse_0007.jpg,raw_images/mouse_yolo_annotated/labels/mouse_0007.txt,bee1054551d6de981353d78f45434b7c38430b1cf66f27a6647e6a56fcd13a3c,ff40c13f7ea08097
train,mouse,0,8,mouse_g003,images/train/mouse_0008.jpg,labels/train/mouse_0008.txt,raw_images/mouse_yolo_annotated/images/mouse_0008.jpg,raw_images/mouse_yolo_annotated/labels/mouse_0008.txt,8c7eec611e5b836813e95f3e7fd6339f315e90b55c287765ecd947a6e223895b,ab67d40b2bf59482
train,mouse,0,11,mouse_g006,images/train/mouse_0011.jpg,labels/train/mouse_0011.txt,raw_images/mouse_yolo_annotated/images/mouse_0011.jpg,raw_images/mouse_yolo_annotated/labels/mouse_0011.txt,4f444a672f9f96ac5e124f81968627a4c3a7b569004d7601f9c64ed5ae1c2630,fb0a813f7ec0818f
train,mouse,0,12,mouse_g007,images/train/mouse_0012.jpg,labels/train/mouse_0012.txt,raw_images/mouse_yolo_annotated/images/mouse_0012.jpg,raw_images/mouse_yolo_annotated/labels/mouse_0012.txt,f9569c4094586e2d97147c184b3617fe24dffec86f953e08c882ee63adc52042,bb09803f6be0958f
train,mouse,0,13,mouse_g008,images/train/mouse_0013.jpg,labels/train/mouse_0013.txt,raw_images/mouse_yolo_annotated/images/mouse_0013.jpg,raw_images/mouse_yolo_annotated/labels/mouse_0013.txt,9911730e2b42cca385eb44c5ef0dbfaf5f1e962c8b5adcbb5bb3d1e396504f60,bf04c23f6de4d481
train,mouse,0,14,mouse_g008,images/train/mouse_0014.jpg,labels/train/mouse_0014.txt,raw_images/mouse_yolo_annotated/images/mouse_0014.jpg,raw_images/mouse_yolo_annotated/labels/mouse_0014.txt,7c1930e45d2b11f3daf509c055dfca841a0b51510f8319c84fc742fdb1c98033,bf00423f6dd4d287
train,mouse,0,15,mouse_g009,images/train/mouse_0015.jpg,labels/train/mouse_0015.txt,raw_images/mouse_yolo_annotated/images/mouse_0015.jpg,raw_images/mouse_yolo_annotated/labels/mouse_0015.txt,2b002a38548c8cf150dc1227db30c01b0652cc3f010e52e5dcb45c4f0e347ace,bf00153f6ac1979c
train,mouse,0,16,mouse_g009,images/train/mouse_0016.jpg,labels/train/mouse_0016.txt,raw_images/mouse_yolo_annotated/images/mouse_0016.jpg,raw_images/mouse_yolo_annotated/labels/mouse_0016.txt,8f4a1d69b84d97a3601a380a61679aefb434c58d2b50057ef6e3716df750a443,bf00903f68c0d7dd
train,mouse,0,17,mouse_g010,images/train/mouse_0017.jpg,labels/train/mouse_0017.txt,raw_images/mouse_yolo_annotated/images/mouse_0017.jpg,raw_images/mouse_yolo_annotated/labels/mouse_0017.txt,bb39d30681ae93c68bc2e6948b680a9e344ce39795c5347abbf0e388a5c13851,9614c91f366ee9c1
train,mouse,0,18,mouse_g011,images/train/mouse_0018.jpg,labels/train/mouse_0018.txt,raw_images/mouse_yolo_annotated/images/mouse_0018.jpg,raw_images/mouse_yolo_annotated/labels/mouse_0018.txt,db7a6d4fad2df3762053e7887ed451d3f16ae2fbd884ea214f725d06b69efbb9,b614c21b377638f1
train,mouse,0,19,mouse_g012,images/train/mouse_0019.jpg,labels/train/mouse_0019.txt,raw_images/mouse_yolo_annotated/images/mouse_0019.jpg,raw_images/mouse_yolo_annotated/labels/mouse_0019.txt,9083fff308f5de58f8bac0cd62f925ba20669b257d6162815c2deb6c3c237ff6,b715c01b173e3d31
train,mouse,0,20,mouse_g013,images/train/mouse_0020.jpg,labels/train/mouse_0020.txt,raw_images/mouse_yolo_annotated/images/mouse_0020.jpg,raw_images/mouse_yolo_annotated/labels/mouse_0020.txt,cc63ade6ac2d042add88a9ade38e3894c358f3787a34641f01816dd86e4c5824,be14c8091b3f3e3c
train,mouse,0,21,mouse_g013,images/train/mouse_0021.jpg,labels/train/mouse_0021.txt,raw_images/mouse_yolo_annotated/images/mouse_0021.jpg,raw_images/mouse_yolo_annotated/labels/mouse_0021.txt,a0aac38022465f42c2115b485d981979bb42161d3cbe303837e93d060cd18719,be94c8191b3e3e38
train,mouse,0,25,mouse_g015,images/train/mouse_0025.jpg,labels/train/mouse_0025.txt,raw_images/mouse_yolo_annotated/images/mouse_0025.jpg,raw_images/mouse_yolo_annotated/labels/mouse_0025.txt,e398e4d551b0267c0d092eb54073c25c7a4aa5423aaaff73b4fc9ec104d59e39,b7c6c009077f3d51
train,mouse,0,27,mouse_g017,images/train/mouse_0027.jpg,labels/train/mouse_0027.txt,raw_images/mouse_yolo_annotated/images/mouse_0027.jpg,raw_images/mouse_yolo_annotated/labels/mouse_0027.txt,85b0d2605f39bf77e683595b9d70e72e02c56211f7312d188b4eb094091897a5,b7d2c143077c3e34
train,mouse,0,28,mouse_g018,images/train/mouse_0028.jpg,labels/train/mouse_0028.txt,raw_images/mouse_yolo_annotated/images/mouse_0028.jpg,raw_images/mouse_yolo_annotated/labels/mouse_0028.txt,7db125e9f5fef2568980880be9b31fceff13804b08ba5fed03fc0756a966dccc,bcf4c2430dcf343c
train,mouse,0,29,mouse_g018,images/train/mouse_0029.jpg,labels/train/mouse_0029.txt,raw_images/mouse_yolo_annotated/images/mouse_0029.jpg,raw_images/mouse_yolo_annotated/labels/mouse_0029.txt,ab55945fe6681426c46e0ccbb3bca22d5693779fdccf37da6fbc662ab89adb47,bdb5c243494d347c
train,mouse,0,31,mouse_g020,images/train/mouse_0031.jpg,labels/train/mouse_0031.txt,raw_images/mouse_yolo_annotated/images/mouse_0031.jpg,raw_images/mouse_yolo_annotated/labels/mouse_0031.txt,069a4e1e6816b186a87c1e6da34c9e37667a4face78f6142bf9ba8ccdf7102cd,bf91c96d2602331f
train,mouse,0,32,mouse_g020,images/train/mouse_0032.jpg,labels/train/mouse_0032.txt,raw_images/mouse_yolo_annotated/images/mouse_0032.jpg,raw_images/mouse_yolo_annotated/labels/mouse_0032.txt,0f5e025fd2e8d70b347e1392a95db2b2f9c4ce80b0b9c53c41d5f01ed025b2a7,b791c86d26223b1f
train,mouse,0,33,mouse_g021,images/train/mouse_0033.jpg,labels/train/mouse_0033.txt,raw_images/mouse_yolo_annotated/images/mouse_0033.jpg,raw_images/mouse_yolo_annotated/labels/mouse_0033.txt,adb089432fffd9b39a12180f2b13c54ae53db0da55ebb297efd1ffb4032de7a9,bf97c0680f27307a
train,mouse,0,34,mouse_g022,images/train/mouse_0034.jpg,labels/train/mouse_0034.txt,raw_images/mouse_yolo_annotated/images/mouse_0034.jpg,raw_images/mouse_yolo_annotated/labels/mouse_0034.txt,7512288f2069b8a698f3f29e5932910818e7594b4f327e4d94f8ed6f5cb8926e,fa9585633a2d31f0
train,mouse,0,35,mouse_g023,images/train/mouse_0035.jpg,labels/train/mouse_0035.txt,raw_images/mouse_yolo_annotated/images/mouse_0035.jpg,raw_images/mouse_yolo_annotated/labels/mouse_0035.txt,04cb6e0bdd675200edcbf80d924fe52813067482f1f31d5aa946e75b3fe83761,fa958743792825f1
train,mouse,0,36,mouse_g023,images/train/mouse_0036.jpg,labels/train/mouse_0036.txt,raw_images/mouse_yolo_annotated/images/mouse_0036.jpg,raw_images/mouse_yolo_annotated/labels/mouse_0036.txt,a4b4a9c8e53b1109a478b403a54c75c8ffd313958c0873311b1359e155001888,f8948f47792827b1
train,mouse,0,37,mouse_g023,images/train/mouse_0037.jpg,labels/train/mouse_0037.txt,raw_images/mouse_yolo_annotated/images/mouse_0037.jpg,raw_images/mouse_yolo_annotated/labels/mouse_0037.txt,191049447a357f8487499746cbed5d067c039a3a9aba210f909adace0879be26,f89c8f47382827d5
train,mouse,0,38,mouse_g024,images/train/mouse_0038.jpg,labels/train/mouse_0038.txt,raw_images/mouse_yolo_annotated/images/mouse_0038.jpg,raw_images/mouse_yolo_annotated/labels/mouse_0038.txt,ebe519cb2f0c09381c456859bcb94ea0302479b1857d524c432ded92e07412f9,e3b19c72696c9558
train,mouse,0,39,mouse_g025,images/train/mouse_0039.jpg,labels/train/mouse_0039.txt,raw_images/mouse_yolo_annotated/images/mouse_0039.jpg,raw_images/mouse_yolo_annotated/labels/mouse_0039.txt,971c8147eb3d893c1b6c9774ce50959accf70fed44161c9e001d06198b4a46a3,c8933970d1a3a76e
train,mouse,0,41,mouse_g027,images/train/mouse_0041.jpg,labels/train/mouse_0041.txt,raw_images/mouse_yolo_annotated/images/mouse_0041.jpg,raw_images/mouse_yolo_annotated/labels/mouse_0041.txt,2a76c727a76a7845cdf8e329a0b3e5ef4970622e61d28adeb23b64f500098160,a881963c7973e5b1
train,mouse,0,42,mouse_g028,images/train/mouse_0042.jpg,labels/train/mouse_0042.txt,raw_images/mouse_yolo_annotated/images/mouse_0042.jpg,raw_images/mouse_yolo_annotated/labels/mouse_0042.txt,1639d0622d78d82bfa27f5735bdd090360f89907e823cd8c2c0338dcf21549ba,b684c91b373e38f0
train,mouse,0,43,mouse_g029,images/train/mouse_0043.jpg,labels/train/mouse_0043.txt,raw_images/mouse_yolo_annotated/images/mouse_0043.jpg,raw_images/mouse_yolo_annotated/labels/mouse_0043.txt,421cb59a53df53af92c89dc76755b2e4274cd9bd24be3b2aa541e6f4849ab08d,bf00903f6d68e3c6
train,mouse,0,46,mouse_g032,images/train/mouse_0046.jpg,labels/train/mouse_0046.txt,raw_images/mouse_yolo_annotated/images/mouse_0046.jpg,raw_images/mouse_yolo_annotated/labels/mouse_0046.txt,5f72600555bbbad1b208b65c61d4717209d4e708e0dc0f6bb64fef2af1ad3dc0,af40903f68f2c6cd
train,mouse,0,47,mouse_g033,images/train/mouse_0047.jpg,labels/train/mouse_0047.txt,raw_images/mouse_yolo_annotated/images/mouse_0047.jpg,raw_images/mouse_yolo_annotated/labels/mouse_0047.txt,192ee6f62a1db821d27de23e4656e6c2f1f5b298d79fca84433f3c21f7e0f6e4,ae40913fe8e4cd5a
train,mouse,0,48,mouse_g034,images/train/mouse_0048.jpg,labels/train/mouse_0048.txt,raw_images/mouse_yolo_annotated/images/mouse_0048.jpg,raw_images/mouse_yolo_annotated/labels/mouse_0048.txt,3534ee73faabeac8ca3f1d7b1ab588ec7b2976ddfd5a423fd9e08044b9870388,bf00843f6acacf94
train,mouse,0,49,mouse_g035,images/train/mouse_0049.jpg,labels/train/mouse_0049.txt,raw_images/mouse_yolo_annotated/images/mouse_0049.jpg,raw_images/mouse_yolo_annotated/labels/mouse_0049.txt,d7157ea6f4e02587dd7fa31af8bb12137b79bccc8573cd25205ee509e669ec11,f8018f7c58c1dd9c
train,mouse,0,50,mouse_g036,images/train/mouse_0050.jpg,labels/train/mouse_0050.txt,raw_images/mouse_yolo_annotated/images/mouse_0050.jpg,raw_images/mouse_yolo_annotated/labels/mouse_0050.txt,6c25564ba2e8b5151930627b4ea482fee357a6e276fca7af7b820f010b0e38e2,fe00817f7ec0c09f
train,mouse,0,52,mouse_g038,images/train/mouse_0052.jpg,labels/train/mouse_0052.txt,raw_images/mouse_yolo_annotated/images/mouse_0052.jpg,raw_images/mouse_yolo_annotated/labels/mouse_0052.txt,bb82c94eac8e0494744c945c3be20fc1af12e78114b2984ca4aa91cb5e8f3122,bf803a7ac0cfd0b4
train,mouse,0,53,mouse_g039,images/train/mouse_0053.jpg,labels/train/mouse_0053.txt,raw_images/mouse_yolo_annotated/images/mouse_0053.jpg,raw_images/mouse_yolo_annotated/labels/mouse_0053.txt,e55dfd62575117b31e5ee312915416e14d80ce547d3bb9f68cd22bd3235a55c1,bf800e7bc0cade94
train,mouse,0,54,mouse_g040,images/train/mouse_0054.jpg,labels/train/mouse_0054.txt,raw_images/mouse_yolo_annotated/images/mouse_0054.jpg,raw_images/mouse_yolo_annotated/labels/mouse_0054.txt,a9fecf30c01a4935f170029fc5bbd23c869b76f6f12c84428162f5b191a0b875,9f54052feac0da96
train,mouse,0,55,mouse_g041,images/train/mouse_0055.jpg,labels/train/mouse_0055.txt,raw_images/mouse_yolo_annotated/images/mouse_0055.jpg,raw_images/mouse_yolo_annotated/labels/mouse_0055.txt,4b35f7046db18cfc6860afbaa7c3ce890baf5fe2aa398eecfd145381028e8313,854d8a3377e5c4ca
train,mouse,0,56,mouse_g042,images/train/mouse_0056.jpg,labels/train/mouse_0056.txt,raw_images/mouse_yolo_annotated/images/mouse_0056.jpg,raw_images/mouse_yolo_annotated/labels/mouse_0056.txt,b638853364d0ecc7bdc12e9fae75b74b9ed1224c5cadc612e753c0ae2d85460a,a925861e79f1c5c6
train,mouse,0,57,mouse_g042,images/train/mouse_0057.jpg,labels/train/mouse_0057.txt,raw_images/mouse_yolo_annotated/images/mouse_0057.jpg,raw_images/mouse_yolo_annotated/labels/mouse_0057.txt,39cccefafc5b4bc88863f4d307f53264f5d6a9103806ecd600cbed4059d80e0a,a927861e79e1c696
train,mouse,0,58,mouse_g043,images/train/mouse_0058.jpg,labels/train/mouse_0058.txt,raw_images/mouse_yolo_annotated/images/mouse_0058.jpg,raw_images/mouse_yolo_annotated/labels/mouse_0058.txt,65d8f393386566a54214dd5818ffbef3721a7a649b36cc9370712148bbb3ee16,8f018337e5c98bb3
train,mouse,0,59,mouse_g044,images/train/mouse_0059.jpg,labels/train/mouse_0059.txt,raw_images/mouse_yolo_annotated/images/mouse_0059.jpg,raw_images/mouse_yolo_annotated/labels/mouse_0059.txt,a139099722f5eb3efd9b2a3666a67cc4707da02208cf4c353c14d2c599e03166,ef00863fe1c19f16
train,mouse,0,60,mouse_g045,images/train/mouse_0060.jpg,labels/train/mouse_0060.txt,raw_images/mouse_yolo_annotated/images/mouse_0060.jpg,raw_images/mouse_yolo_annotated/labels/mouse_0060.txt,cf74decde373518b3dece7099c6e457cc655949e444adb3f37e8a58bd1c2a962,aa02877eeac39e94
train,mouse,0,61,mouse_g045,images/train/mouse_0061.jpg,labels/train/mouse_0061.txt,raw_images/mouse_yolo_annotated/images/mouse_0061.jpg,raw_images/mouse_yolo_annotated/labels/mouse_0061.txt,d1be92d95585083b66df75d367b96ba95331e114031db51bb54057cde6586ea5,aa03877c6ac39e9c
train,mouse,0,62,mouse_g045,images/train/mouse_0062.jpg,labels/train/mouse_0062.txt,raw_images/mouse_yolo_annotated/images/mouse_0062.jpg,raw_images/mouse_yolo_annotated/labels/mouse_0062.txt,7dd6607d1a746d77e719d9e55d97997d0a082f5aea8dcfd246ad79e4efa6b745,aa03877c6ac39e9c
train,mouse,0,63,mouse_g045,images/train/mouse_0063.jpg,labels/train/mouse_0063.txt,raw_images/mouse_yolo_annotated/images/mouse_0063.jpg,raw_images/mouse_yolo_annotated/labels/mouse_0063.txt,61b2b08d006e41d05e9c1ee34f452754a8558ae46154df3d67c59f792853b66b,aa03877c6ac39e9c
train,mouse,0,64,mouse_g045,images/train/mouse_0064.jpg,labels/train/mouse_0064.txt,raw_images/mouse_yolo_annotated/images/mouse_0064.jpg,raw_images/mouse_yolo_annotated/labels/mouse_0064.txt,45147a84223717e32cc3427964ff0c6bd2b21214d3c2e2b4413adb040d778ba2,aa0b873d6ac38e9c
train,mouse,0,65,mouse_g046,images/train/mouse_0065.jpg,labels/train/mouse_0065.txt,raw_images/mouse_yolo_annotated/images/mouse_0065.jpg,raw_images/mouse_yolo_annotated/labels/mouse_0065.txt,abeb48d95643ab36d9fcc51ca9806b0702fb95c40e2cd598cb993f23d2899295,af21c01f7fe0c097
train,mouse,0,66,mouse_g047,images/train/mouse_0066.jpg,labels/train/mouse_0066.txt,raw_images/mouse_yolo_annotated/images/mouse_0066.jpg,raw_images/mouse_yolo_annotated/labels/mouse_0066.txt,d7fdc37ecd9b32c87a5198b929d14ec0d7dec757d422991553ae7be4fd388782,b634490936f4edc9
train,mouse,0,68,mouse_g049,images/train/mouse_0068.jpg,labels/train/mouse_0068.txt,raw_images/mouse_yolo_annotated/images/mouse_0068.jpg,raw_images/mouse_yolo_annotated/labels/mouse_0068.txt,bd2a36ba7396ac2d39c1f71a82e00b0df12013e0dd2fbe93d30a596a47c0cd69,bf38d0143df8d0d4
train,mouse,0,69,mouse_g050,images/train/mouse_0069.jpg,labels/train/mouse_0069.txt,raw_images/mouse_yolo_annotated/images/mouse_0069.jpg,raw_images/mouse_yolo_annotated/labels/mouse_0069.txt,b13906b79a0ebcb7d952fc891514628452fe856b98046e6f63e8d0717ecc1a1d,ba3191393ad0d15f
train,mouse,0,73,mouse_g054,images/train/mouse_0073.jpg,labels/train/mouse_0073.txt,raw_images/mouse_yolo_annotated/images/mouse_0073.jpg,raw_images/mouse_yolo_annotated/labels/mouse_0073.txt,58bd0038962dacbe93d0e4551cf8f7762670cc388e5ff046c5ac4cb4bdbf9257,e363ae8c0d31b1a7
train,mouse,0,74,mouse_g055,images/train/mouse_0074.jpg,labels/train/mouse_0074.txt,raw_images/mouse_yolo_annotated/images/mouse_0074.jpg,raw_images/mouse_yolo_annotated/labels/mouse_0074.txt,854a4222582055f10bb57234f3251d4629a50c13219f310e04d9a29fe35b64e7,eb633d9c0e0e25a5
train,mouse,0,75,mouse_g056,images/train/mouse_0075.jpg,labels/train/mouse_0075.txt,raw_images/mouse_yolo_annotated/images/mouse_0075.jpg,raw_images/mouse_yolo_annotated/labels/mouse_0075.txt,0adb5ef5117e128848393a3bb0a087c2ca901244f5f1f33589a6d0de9284ac19,fa3a05872ab2b4d5
train,mouse,0,77,mouse_g058,images/train/mouse_0077.jpg,labels/train/mouse_0077.txt,raw_images/mouse_yolo_annotated/images/mouse_0077.jpg,raw_images/mouse_yolo_annotated/labels/mouse_0077.txt,7422276565e4ffdb88efaa6e1561581f8b7abe347b95e25473384b156e7df596,ba2181f2b7d1415f
train,mouse,0,78,mouse_g059,images/train/mouse_0078.jpg,labels/train/mouse_0078.txt,raw_images/mouse_yolo_annotated/images/mouse_0078.jpg,raw_images/mouse_yolo_annotated/labels/mouse_0078.txt,50583b4d3aa34ac5b10ec8ac9b928a1d8d493f5024477a1554c483373751cade,ba21813fb7d15307
train,mouse,0,79,mouse_g059,images/train/mouse_0079.jpg,labels/train/mouse_0079.txt,raw_images/mouse_yolo_annotated/images/mouse_0079.jpg,raw_images/mouse_yolo_annotated/labels/mouse_0079.txt,8d5874a1830c92113a2499cb3cffb915dfca1fcb254c06b3c7b39ccc00631345,ba31813bb7d15307
train,mouse,0,80,mouse_g059,images/train/mouse_0080.jpg,labels/train/mouse_0080.txt,raw_images/mouse_yolo_annotated/images/mouse_0080.jpg,raw_images/mouse_yolo_annotated/labels/mouse_0080.txt,a5790542ad614907198d35a06dcfc843eb20fe2e67b26629f2f760dfcd638a79,ba01813fb7c1570f
train,mouse,0,81,mouse_g059,images/train/mouse_0081.jpg,labels/train/mouse_0081.txt,raw_images/mouse_yolo_annotated/images/mouse_0081.jpg,raw_images/mouse_yolo_annotated/labels/mouse_0081.txt,7ac69d6b710e290540edcf2ebdffc833eee5668f4765b094e0091b7510d2d9d5,be038177b7c0550f
train,mouse,0,82,mouse_g060,images/train/mouse_0082.jpg,labels/train/mouse_0082.txt,raw_images/mouse_yolo_annotated/images/mouse_0082.jpg,raw_images/mouse_yolo_annotated/labels/mouse_0082.txt,8f298a0d2db003cc1c1bcbc2c04eaa4c54c74fd37795706e1cb981aad2a5bb48,ec078764a4c7473e
train,mouse,0,83,mouse_g060,images/train/mouse_0083.jpg,labels/train/mouse_0083.txt,raw_images/mouse_yolo_annotated/images/mouse_0083.jpg,raw_images/mouse_yolo_annotated/labels/mouse_0083.txt,8f1cdde8b83ddd8722c7c5ddc3c7fc0fd0c6ca508e3ccdb932d9e43cfb1e5c32,ec06876cec87473c
train,mouse,0,84,mouse_g060,images/train/mouse_0084.jpg,labels/train/mouse_0084.txt,raw_images/mouse_yolo_annotated/images/mouse_0084.jpg,raw_images/mouse_yolo_annotated/labels/mouse_0084.txt,43e038fcfeb94a7b88355b66dc8f5dad33dd214182770680252e174b74c66086,ee06876eec85053e
train,mouse,0,87,mouse_g063,images/train/mouse_0087.jpg,labels/train/mouse_0087.txt,raw_images/mouse_yolo_annotated/images/mouse_0087.jpg,raw_images/mouse_yolo_annotated/labels/mouse_0087.txt,90e74b5305d5a425e30fd69d6e7015a1f285c59a69ecdb104067728ff51fcfc9,ab3ac0536bebb901
train,mouse,0,88,mouse_g063,images/train/mouse_0088.jpg,labels/train/mouse_0088.txt,raw_images/mouse_yolo_annotated/images/mouse_0088.jpg,raw_images/mouse_yolo_annotated/labels/mouse_0088.txt,9f6744076fccfa5ac1054db5da057c9b127081d401d1674dbed6db0bcdfdfd5a,ab2ac0577feba801
train,mouse,0,89,mouse_g063,images/train/mouse_0089.jpg,labels/train/mouse_0089.txt,raw_images/mouse_yolo_annotated/images/mouse_0089.jpg,raw_images/mouse_yolo_annotated/labels/mouse_0089.txt,96f6bda95948ac5e18b28a04e6d4cf6d2d51708135e77214ccba08787a0782c2,ab2ac0d57feba880
train,mouse,0,90,mouse_g063,images/train/mouse_0090.jpg,labels/train/mouse_0090.txt,raw_images/mouse_yolo_annotated/images/mouse_0090.jpg,raw_images/mouse_yolo_annotated/labels/mouse_0090.txt,edfdc4b53c54bc896db08b4a0480c999a345af0aebf6bd09546edcfb84a012d1,ab2ac0d47feba8a0
train,mouse,0,91,mouse_g064,images/train/mouse_0091.jpg,labels/train/mouse_0091.txt,raw_images/mouse_yolo_annotated/images/mouse_0091.jpg,raw_images/mouse_yolo_annotated/labels/mouse_0091.txt,b1eb98126a224e9d3cdbababec4f78df16254f33c566e18daa9c17a8ba504eca,aa2ad1d07a68fda1
train,mouse,0,92,mouse_g065,images/train/mouse_0092.jpg,labels/train/mouse_0092.txt,raw_images/mouse_yolo_annotated/images/mouse_0092.jpg,raw_images/mouse_yolo_annotated/labels/mouse_0092.txt,b10043d0730f15e1f266305d9637ae1fa686f50cbac390f9614dc522036b81c1,ad26d0d86b69d694
train,mouse,0,93,mouse_g066,images/train/mouse_0093.jpg,labels/train/mouse_0093.txt,raw_images/mouse_yolo_annotated/images/mouse_0093.jpg,raw_images/mouse_yolo_annotated/labels/mouse_0093.txt,e567a5be81e319a6f6e98945d28de6bb402fd616c661f9e21508162691ce08ec,b233c9cd2476d199
train,mouse,0,94,mouse_g067,images/train/mouse_0094.jpg,labels/train/mouse_0094.txt,raw_images/mouse_yolo_annotated/images/mouse_0094.jpg,raw_images/mouse_yolo_annotated/labels/mouse_0094.txt,f1e46468d8d0d8d201612c2a7f0f1b97b94f820e21927eb8a61480d34ffdd32f,a636cacd25e5d292
train,mouse,0,96,mouse_g069,images/train/mouse_0096.jpg,labels/train/mouse_0096.txt,raw_images/mouse_yolo_annotated/images/mouse_0096.jpg,raw_images/mouse_yolo_annotated/labels/mouse_0096.txt,b30c37df76c0bdd14824eb90d5bf6f6cb6273ae61be5b4c866ae3bea8d912611,a939d1d938b89595
train,mouse,0,97,mouse_g069,images/train/mouse_0097.jpg,labels/train/mouse_0097.txt,raw_images/mouse_yolo_annotated/images/mouse_0097.jpg,raw_images/mouse_yolo_annotated/labels/mouse_0097.txt,bfc7f094b9477cae19a5aef737bfd502b87158425c814e77dbd4cd9904ea9128,ab39d1d1b8a8b0b5
train,mouse,0,98,mouse_g070,images/train/mouse_0098.jpg,labels/train/mouse_0098.txt,raw_images/mouse_yolo_annotated/images/mouse_0098.jpg,raw_images/mouse_yolo_annotated/labels/mouse_0098.txt,ef3c229ff2b2547bdbe2641f0d6e3a0a83ecca0877ca1eb1a6e5e88e706a00b4,ab23c1d0f2b3b1b1
train,mouse,0,99,mouse_g071,images/train/mouse_0099.jpg,labels/train/mouse_0099.txt,raw_images/mouse_yolo_annotated/images/mouse_0099.jpg,raw_images/mouse_yolo_annotated/labels/mouse_0099.txt,d67de4dce4b34e1dce3d19d69d2524f1076af0f7e9f761c447e6b0d361287b28,e86c8687e6e4b4a5
train,mouse,0,100,mouse_g072,images/train/mouse_0100.jpg,labels/train/mouse_0100.txt,raw_images/mouse_yolo_annotated/images/mouse_0100.jpg,raw_images/mouse_yolo_annotated/labels/mouse_0100.txt,d8946fe647b8a5bcdcaa7723fcff8c97f27eab0568e6ea9c985eb8f3927e473b,eb691c9ccce1a1a9
train,mouse,0,104,mouse_g074,images/train/mouse_0104.jpg,labels/train/mouse_0104.txt,raw_images/mouse_yolo_annotated/images/mouse_0104.jpg,raw_images/mouse_yolo_annotated/labels/mouse_0104.txt,514d35c841ed4b3bc0295252e99289a3636b0b8efc16f78dc6e718505d178cba,e32b1899c9a3b359
train,mouse,0,105,mouse_g075,images/train/mouse_0105.jpg,labels/train/mouse_0105.txt,raw_images/mouse_yolo_annotated/images/mouse_0105.jpg,raw_images/mouse_yolo_annotated/labels/mouse_0105.txt,231f9152f3a8e990f4122917eb22e622bde175fbcdc9b24aec00f9797a0d2665,f8098f69b8c9cb1c
train,mouse,0,106,mouse_g076,images/train/mouse_0106.jpg,labels/train/mouse_0106.txt,raw_images/mouse_yolo_annotated/images/mouse_0106.jpg,raw_images/mouse_yolo_annotated/labels/mouse_0106.txt,59d28c22a2a52943955962c41a6e1f0961e47edc4441252219a50a8b2a44ae1e,f809897dc9c95f60
train,mouse,0,107,mouse_g076,images/train/mouse_0107.jpg,labels/train/mouse_0107.txt,raw_images/mouse_yolo_annotated/images/mouse_0107.jpg,raw_images/mouse_yolo_annotated/labels/mouse_0107.txt,d7c7cef20b95d3b1587136e18523d18ceb529e1497df208676b24e46133a8291,f809897cc9c97c69
train,mouse,0,108,mouse_g077,images/train/mouse_0108.jpg,labels/train/mouse_0108.txt,raw_images/mouse_yolo_annotated/images/mouse_0108.jpg,raw_images/mouse_yolo_annotated/labels/mouse_0108.txt,31504dde537dc6120ee6f23ac64da783571f3817cac9532eebbac66508dc771b,fd0c8c7dc0ac5f60
train,mouse,0,109,mouse_g078,images/train/mouse_0109.jpg,labels/train/mouse_0109.txt,raw_images/mouse_yolo_annotated/images/mouse_0109.jpg,raw_images/mouse_yolo_annotated/labels/mouse_0109.txt,78f48331cd203120b59a9c771c47dbef0e374fe5a15825fd568fbfc7a77d02d6,ee04a66ec42e447f
train,mouse,0,110,mouse_g079,images/train/mouse_0110.jpg,labels/train/mouse_0110.txt,raw_images/mouse_yolo_annotated/images/mouse_0110.jpg,raw_images/mouse_yolo_annotated/labels/mouse_0110.txt,dea08522047123fedb30d1341d5542ff03591a14e8b98993e0035c81c0082c62,ae07276ec426656e
train,mouse,0,112,mouse_g081,images/train/mouse_0112.jpg,labels/train/mouse_0112.txt,raw_images/mouse_yolo_annotated/images/mouse_0112.jpg,raw_images/mouse_yolo_annotated/labels/mouse_0112.txt,26d6d7f264ac4f6d5e8375616818c72d147a44062d96d42dbb8ae3ac56b79e6e,fa03007e7e80bd1f
train,mouse,0,114,mouse_g083,images/train/mouse_0114.jpg,labels/train/mouse_0114.txt,raw_images/mouse_yolo_annotated/images/mouse_0114.jpg,raw_images/mouse_yolo_annotated/labels/mouse_0114.txt,7f877e97aa958f03e3082fbebeceb91911ad0ff6284320b54e482f3c005b3f8a,fa47802f7f81809f
train,mouse,0,115,mouse_g084,images/train/mouse_0115.jpg,labels/train/mouse_0115.txt,raw_images/mouse_yolo_annotated/images/mouse_0115.jpg,raw_images/mouse_yolo_annotated/labels/mouse_0115.txt,7f629179dfae5583360fd8e5b07516e40509d21d0681c7917b9b7b9b080351ea,fa0ec13f2aca9097
train,mouse,0,116,mouse_g085,images/train/mouse_0116.jpg,labels/train/mouse_0116.txt,raw_images/mouse_yolo_annotated/images/mouse_0116.jpg,raw_images/mouse_yolo_annotated/labels/mouse_0116.txt,06f21a40aa0a69682a4956a43e32b54ea6bada5a97e5aafb35a464df13ed517d,ab2cd03e2bcad594
train,mouse,0,117,mouse_g086,images/train/mouse_0117.jpg,labels/train/mouse_0117.txt,raw_images/mouse_yolo_annotated/images/mouse_0117.jpg,raw_images/mouse_yolo_annotated/labels/mouse_0117.txt,b266365d300eca2de62dd3b70ef17a55cde124650f6265b9c069466a14292e58,af0cd23f29c7d680
train,mouse,0,118,mouse_g086,images/train/mouse_0118.jpg,labels/train/mouse_0118.txt,raw_images/mouse_yolo_annotated/images/mouse_0118.jpg,raw_images/mouse_yolo_annotated/labels/mouse_0118.txt,74eaa1e5883a52e786533896a58ddbc8f29d10d14be755fde4b4212e8a16bd40,af0ed22f2dc7d600
train,mouse,0,119,mouse_g087,images/train/mouse_0119.jpg,labels/train/mouse_0119.txt,raw_images/mouse_yolo_annotated/images/mouse_0119.jpg,raw_images/mouse_yolo_annotated/labels/mouse_0119.txt,e583dda7c582c8175ed10363479aaffea95c3bd4de7ef03f5f4ce6d7cea992bf,ad2fd222298bd6d4
train,mouse,0,120,mouse_g088,images/train/mouse_0120.jpg,labels/train/mouse_0120.txt,raw_images/mouse_yolo_annotated/images/mouse_0120.jpg,raw_images/mouse_yolo_annotated/labels/mouse_0120.txt,9b3a2356d9bd54a4508db0d61bae836ef81643e1fe7a2cf409e4420bedf1918b,af65d2122f2996d4
val,cup,1,1,cup_g000,images/val/cup_0001.jpg,labels/val/cup_0001.txt,raw_images/cup_yolo_annotated/images/cup_0001.jpg,raw_images/cup_yolo_annotated/labels/cup_0001.txt,c8fb97564628416c1776369ff24ebec35dfe745cf2fbefaa3c6c53804f7bc911,f07c5eafa92820f8
val,cup,1,2,cup_g001,images/val/cup_0002.jpg,labels/val/cup_0002.txt,raw_images/cup_yolo_annotated/images/cup_0002.jpg,raw_images/cup_yolo_annotated/labels/cup_0002.txt,d7bca4509409ba48ebc8c754d0c6d675a28341010f92c1ce3ba7839460839d55,b07a8bb38180d7d7
val,cup,1,5,cup_g003,images/val/cup_0005.jpg,labels/val/cup_0005.txt,raw_images/cup_yolo_annotated/images/cup_0005.jpg,raw_images/cup_yolo_annotated/labels/cup_0005.txt,cd8587868ce17f71a90654112c1c8869e0b3230ebeb84874e2d8cbda5bc15fc4,e677d0ae1f51e140
val,cup,1,6,cup_g004,images/val/cup_0006.jpg,labels/val/cup_0006.txt,raw_images/cup_yolo_annotated/images/cup_0006.jpg,raw_images/cup_yolo_annotated/labels/cup_0006.txt,0271ffcbe42234a37c195561108308ebbf16adfb8b7019ec7d1e3a4f94e82a07,e150daaf818cf8f8
val,cup,1,15,cup_g008,images/val/cup_0015.jpg,labels/val/cup_0015.txt,raw_images/cup_yolo_annotated/images/cup_0015.jpg,raw_images/cup_yolo_annotated/labels/cup_0015.txt,10803ddf4050e91ef73d1271fa82c5dd44f591203b9d4cc1ddcc91f06a8eeb61,f040e9f54a5a7c36
val,cup,1,16,cup_g008,images/val/cup_0016.jpg,labels/val/cup_0016.txt,raw_images/cup_yolo_annotated/images/cup_0016.jpg,raw_images/cup_yolo_annotated/labels/cup_0016.txt,b11df85dd62088abfc2285cba517dd89fa78b2aa18fe1f4515f487afc3c5853e,9440e9e94a5b7c37
val,cup,1,28,cup_g012,images/val/cup_0028.jpg,labels/val/cup_0028.txt,raw_images/cup_yolo_annotated/images/cup_0028.jpg,raw_images/cup_yolo_annotated/labels/cup_0028.txt,04c7cf12bb1b6f523b12292d1cb77db33e0839657c64beb8d5279d69674f1a0d,9352eca65b52713c
val,cup,1,29,cup_g012,images/val/cup_0029.jpg,labels/val/cup_0029.txt,raw_images/cup_yolo_annotated/images/cup_0029.jpg,raw_images/cup_yolo_annotated/labels/cup_0029.txt,f1a98e74dfa17c278b091d85ea657c9169c3781f82c7c1c0ee35d8fd47d2ca4c,9742e8a65b52713d
val,cup,1,62,cup_g020,images/val/cup_0062.jpg,labels/val/cup_0062.txt,raw_images/cup_yolo_annotated/images/cup_0062.jpg,raw_images/cup_yolo_annotated/labels/cup_0062.txt,b97dcde1412a8e74db36566bea6668708a8a46b174891bcf4d6599abd3626ad4,9552ebad5e52f024
val,cup,1,67,cup_g021,images/val/cup_0067.jpg,labels/val/cup_0067.txt,raw_images/cup_yolo_annotated/images/cup_0067.jpg,raw_images/cup_yolo_annotated/labels/cup_0067.txt,364c861134ab41daa274c3e797381738329462976624e54d52a72c54f353d15c,f642e8bc5e53f060
val,cup,1,68,cup_g022,images/val/cup_0068.jpg,labels/val/cup_0068.txt,raw_images/cup_yolo_annotated/images/cup_0068.jpg,raw_images/cup_yolo_annotated/labels/cup_0068.txt,7a44c4aa716b7d23c10a95a8196a11f6f961d45364d7ed895f956fc6a3983ab1,b050a9bd1e0b73f4
val,cup,1,69,cup_g023,images/val/cup_0069.jpg,labels/val/cup_0069.txt,raw_images/cup_yolo_annotated/images/cup_0069.jpg,raw_images/cup_yolo_annotated/labels/cup_0069.txt,f48d8812e04f911f165a5eeeaabfed4fe8c49cb6b32488e0466e42390f5b2118,9278ed97878909b6
val,cup,1,73,cup_g027,images/val/cup_0073.jpg,labels/val/cup_0073.txt,raw_images/cup_yolo_annotated/images/cup_0073.jpg,raw_images/cup_yolo_annotated/labels/cup_0073.txt,803089ce302b2c6f21826188ad7eb16a2e38aa33cca978d3b188bcc1d75e48a7,9f7fcdc9322441c8
val,cup,1,74,cup_g028,images/val/cup_0074.jpg,labels/val/cup_0074.txt,raw_images/cup_yolo_annotated/images/cup_0074.jpg,raw_images/cup_yolo_annotated/labels/cup_0074.txt,f474125337e33e94e19b64239a6421153480961e637ad629a49d7822428303ab,bf79c882768cc989
val,cup,1,76,cup_g030,images/val/cup_0076.jpg,labels/val/cup_0076.txt,raw_images/cup_yolo_annotated/images/cup_0076.jpg,raw_images/cup_yolo_annotated/labels/cup_0076.txt,124ab35457eb04a80db98fbd9bd50ae8b2a421a1dba1cb6e94f8a2e39ff36969,dd6dcc812c8c583f
val,cup,1,78,cup_g032,images/val/cup_0078.jpg,labels/val/cup_0078.txt,raw_images/cup_yolo_annotated/images/cup_0078.jpg,raw_images/cup_yolo_annotated/labels/cup_0078.txt,e0534ae4d7c6213764958307ac288e117fc6d622351f895b42d2e4944d936f95,e362d68e4a986e56
val,cup,1,86,cup_g040,images/val/cup_0086.jpg,labels/val/cup_0086.txt,raw_images/cup_yolo_annotated/images/cup_0086.jpg,raw_images/cup_yolo_annotated/labels/cup_0086.txt,d84692a2719f3b5f89773105c7a6ed2f5b362a889f061892660dfff030fe4706,db832036fbb390e1
val,cup,1,93,cup_g047,images/val/cup_0093.jpg,labels/val/cup_0093.txt,raw_images/cup_yolo_annotated/images/cup_0093.jpg,raw_images/cup_yolo_annotated/labels/cup_0093.txt,eac7480c6e01c7bf5533ba7089607a69b1eb27d9909953fae52e4a9ebc25b893,b0cacb7b46780f49
val,cup,1,97,cup_g051,images/val/cup_0097.jpg,labels/val/cup_0097.txt,raw_images/cup_yolo_annotated/images/cup_0097.jpg,raw_images/cup_yolo_annotated/labels/cup_0097.txt,667bce66ce043e9f1f5614feb59567cb25d075b9b28449ef28f47687d8714b05,b3e1b28cc219cfc3
val,cup,1,98,cup_g052,images/val/cup_0098.jpg,labels/val/cup_0098.txt,raw_images/cup_yolo_annotated/images/cup_0098.jpg,raw_images/cup_yolo_annotated/labels/cup_0098.txt,f5463130073e385cbbdec4b9c5a9f04f82dcb8707fb33cab5c356104c8186ce7,a7e1b099c6111cdf
val,cup,1,99,cup_g053,images/val/cup_0099.jpg,labels/val/cup_0099.txt,raw_images/cup_yolo_annotated/images/cup_0099.jpg,raw_images/cup_yolo_annotated/labels/cup_0099.txt,efb357573f48bc478c6657c5e9365161389f9af7bc1ebbfb727646ee87c6780a,a360b2cdc3183fd9
val,cup,1,113,cup_g067,images/val/cup_0113.jpg,labels/val/cup_0113.txt,raw_images/cup_yolo_annotated/images/cup_0113.jpg,raw_images/cup_yolo_annotated/labels/cup_0113.txt,e873955779245a1e17093c3f0349659056b94482c06e3be716d16a4fc78716b1,dd4d480c1f1d159f
val,cup,1,115,cup_g069,images/val/cup_0115.jpg,labels/val/cup_0115.txt,raw_images/cup_yolo_annotated/images/cup_0115.jpg,raw_images/cup_yolo_annotated/labels/cup_0115.txt,71163478d4f407839ff90e11251402d7e6836f43078b5b4a7ad49a5a2577da2d,95c5cf266a2b0e2e
val,cup,1,120,cup_g074,images/val/cup_0120.jpg,labels/val/cup_0120.txt,raw_images/cup_yolo_annotated/images/cup_0120.jpg,raw_images/cup_yolo_annotated/labels/cup_0120.txt,bec3ca7f1f11618f3f425e0a371478711189a29a7ef8686ba1a3a0e9d7e10c92,ab17977d78786030
val,mouse,0,9,mouse_g004,images/val/mouse_0009.jpg,labels/val/mouse_0009.txt,raw_images/mouse_yolo_annotated/images/mouse_0009.jpg,raw_images/mouse_yolo_annotated/labels/mouse_0009.txt,f9f160cc50a3d709c730316ce5c7e64220bb1f92a5029c87418f44cca612d512,af25d20b2d6f9682
val,mouse,0,10,mouse_g005,images/val/mouse_0010.jpg,labels/val/mouse_0010.txt,raw_images/mouse_yolo_annotated/images/mouse_0010.jpg,raw_images/mouse_yolo_annotated/labels/mouse_0010.txt,af8dc02eb80539ca182faadb34af843373556506ea3a5e875a127a2e2ed603b5,bb2ec01f2b68d586
val,mouse,0,22,mouse_g014,images/val/mouse_0022.jpg,labels/val/mouse_0022.txt,raw_images/mouse_yolo_annotated/images/mouse_0022.jpg,raw_images/mouse_yolo_annotated/labels/mouse_0022.txt,9f9b8778b3517483325be066da32dfe0b7adbbb7cedcfce981d149923189e593,be80c81b3f7c38b1
val,mouse,0,23,mouse_g014,images/val/mouse_0023.jpg,labels/val/mouse_0023.txt,raw_images/mouse_yolo_annotated/images/mouse_0023.jpg,raw_images/mouse_yolo_annotated/labels/mouse_0023.txt,215b2de22f1cc4cc89519f208087bce005eceedf371a7d4e4fbd63a9cf09b7bb,be80c01b3e7c31b7
val,mouse,0,24,mouse_g014,images/val/mouse_0024.jpg,labels/val/mouse_0024.txt,raw_images/mouse_yolo_annotated/images/mouse_0024.jpg,raw_images/mouse_yolo_annotated/labels/mouse_0024.txt,e159853195f90c77e10d71a7c780cd8e734e0f5696bcd6ade0cb7c93c3061e67,b6c4c01b1f7c3837
val,mouse,0,26,mouse_g016,images/val/mouse_0026.jpg,labels/val/mouse_0026.txt,raw_images/mouse_yolo_annotated/images/mouse_0026.jpg,raw_images/mouse_yolo_annotated/labels/mouse_0026.txt,891b316e1050d6e8979bf6cf7c3875d362ee7200cb08a39cd0c290ceddf2c803,b3c3cc01067e3ff0
val,mouse,0,30,mouse_g019,images/val/mouse_0030.jpg,labels/val/mouse_0030.txt,raw_images/mouse_yolo_annotated/images/mouse_0030.jpg,raw_images/mouse_yolo_annotated/labels/mouse_0030.txt,01837169e00786927e0cd1bdbacc79ceab6991781ee0f81e82649c6d1ee9dc7a,bf9fc0684d84323b
val,mouse,0,40,mouse_g026,images/val/mouse_0040.jpg,labels/val/mouse_0040.txt,raw_images/mouse_yolo_annotated/images/mouse_0040.jpg,raw_images/mouse_yolo_annotated/labels/mouse_0040.txt,c7ca85e0152205faeceadea3b70934068f5d7affd88a465e14df9b3bd419f54b,c6913766e867864d
val,mouse,0,44,mouse_g030,images/val/mouse_0044.jpg,labels/val/mouse_0044.txt,raw_images/mouse_yolo_annotated/images/mouse_0044.jpg,raw_images/mouse_yolo_annotated/labels/mouse_0044.txt,b837d9f52b3daab4c2d46f013235db926bf1bb4c39682c9529b693e79eb77bd3,e8071f7843c79c93
val,mouse,0,45,mouse_g031,images/val/mouse_0045.jpg,labels/val/mouse_0045.txt,raw_images/mouse_yolo_annotated/images/mouse_0045.jpg,raw_images/mouse_yolo_annotated/labels/mouse_0045.txt,b2efc663c504e3fdeeb93052bfa88e2769af4823f748c4c1bac773c16cb83e25,ba03873e6a43c7cc
val,mouse,0,51,mouse_g037,images/val/mouse_0051.jpg,labels/val/mouse_0051.txt,raw_images/mouse_yolo_annotated/images/mouse_0051.jpg,raw_images/mouse_yolo_annotated/labels/mouse_0051.txt,b4a1478977b4a31e9e15306d7be1be7b2b10f2824e1fff9f6604245d385944f1,bf00803f7ef8c195
val,mouse,0,67,mouse_g048,images/val/mouse_0067.jpg,labels/val/mouse_0067.txt,raw_images/mouse_yolo_annotated/images/mouse_0067.jpg,raw_images/mouse_yolo_annotated/labels/mouse_0067.txt,5490a7f378710157b694bf7d476d6ce40b973edc7b2095994f2ec6811d983ece,b626cb8336accd83
val,mouse,0,70,mouse_g051,images/val/mouse_0070.jpg,labels/val/mouse_0070.txt,raw_images/mouse_yolo_annotated/images/mouse_0070.jpg,raw_images/mouse_yolo_annotated/labels/mouse_0070.txt,7abd4e23988ee3d92eab3514a66e3623229188f0d4b098d3e09c78178f461707,b833873938d1c3da
val,mouse,0,71,mouse_g052,images/val/mouse_0071.jpg,labels/val/mouse_0071.txt,raw_images/mouse_yolo_annotated/images/mouse_0071.jpg,raw_images/mouse_yolo_annotated/labels/mouse_0071.txt,5157de1f2f5d8ccc8531f2c5a9ef61f59264a07cbb9ddd3a36f540c538466a18,ea628f2b30b5879a
val,mouse,0,72,mouse_g053,images/val/mouse_0072.jpg,labels/val/mouse_0072.txt,raw_images/mouse_yolo_annotated/images/mouse_0072.jpg,raw_images/mouse_yolo_annotated/labels/mouse_0072.txt,6e193913c2f7439800a16ecfec2583b51b3231ea1b0128335dcacef180465bd0,e36d9e3a2225859e
val,mouse,0,76,mouse_g057,images/val/mouse_0076.jpg,labels/val/mouse_0076.txt,raw_images/mouse_yolo_annotated/images/mouse_0076.jpg,raw_images/mouse_yolo_annotated/labels/mouse_0076.txt,5db4b196350f4fa765a60d3e911ecb19082909ec37c0403cff8e3919181b938d,ba378583b2f5c143
val,mouse,0,85,mouse_g061,images/val/mouse_0085.jpg,labels/val/mouse_0085.txt,raw_images/mouse_yolo_annotated/images/mouse_0085.jpg,raw_images/mouse_yolo_annotated/labels/mouse_0085.txt,5bc8085c189343382d8f0cb3bfd70913ffd515b90f9d99ee9cd61ed12261e1ec,ff228077ffa0a007
val,mouse,0,86,mouse_g062,images/val/mouse_0086.jpg,labels/val/mouse_0086.txt,raw_images/mouse_yolo_annotated/images/mouse_0086.jpg,raw_images/mouse_yolo_annotated/labels/mouse_0086.txt,9e539974b3f5f114ed371ea7c022bf6027186d14fd8fab335484a9fced322543,ab22c0777bb3b111
val,mouse,0,95,mouse_g068,images/val/mouse_0095.jpg,labels/val/mouse_0095.txt,raw_images/mouse_yolo_annotated/images/mouse_0095.jpg,raw_images/mouse_yolo_annotated/labels/mouse_0095.txt,2760246c154f1acf2d6aba393251f8d40bbf7c6d9c7dd2af6736e89b736e55db,ad3cd0d82cfc949c
val,mouse,0,101,mouse_g073,images/val/mouse_0101.jpg,labels/val/mouse_0101.txt,raw_images/mouse_yolo_annotated/images/mouse_0101.jpg,raw_images/mouse_yolo_annotated/labels/mouse_0101.txt,90b554cc7962eef7e303bf26606743f182382a243b320cf39795b7ae4147ff58,ea681999c9eae389
val,mouse,0,102,mouse_g073,images/val/mouse_0102.jpg,labels/val/mouse_0102.txt,raw_images/mouse_yolo_annotated/images/mouse_0102.jpg,raw_images/mouse_yolo_annotated/labels/mouse_0102.txt,3454274b87ee63940784fa975c46cd91807e446841343a4999ae00281d3eeeae,ea6a1999c9caea89
val,mouse,0,103,mouse_g073,images/val/mouse_0103.jpg,labels/val/mouse_0103.txt,raw_images/mouse_yolo_annotated/images/mouse_0103.jpg,raw_images/mouse_yolo_annotated/labels/mouse_0103.txt,7e69f96f346ebc14d8d6c3cb3663c944ef5d5755f60b1076d88b23a7560dd2e6,ea6a1999c9eaa2c9
val,mouse,0,111,mouse_g080,images/val/mouse_0111.jpg,labels/val/mouse_0111.txt,raw_images/mouse_yolo_annotated/images/mouse_0111.jpg,raw_images/mouse_yolo_annotated/labels/mouse_0111.txt,d784ef54b37b9f262bca1eef4de7749a2040b6b74d619bff6557a32d2b505155,ff01803fc4809f77
val,mouse,0,113,mouse_g082,images/val/mouse_0113.jpg,labels/val/mouse_0113.txt,raw_images/mouse_yolo_annotated/images/mouse_0113.jpg,raw_images/mouse_yolo_annotated/labels/mouse_0113.txt,c793915f4b8bf4ae955476fcace555b0d7b8f9a22aa838087a224a058e84b79a,f807037c7c83877c
test,cup,1,1,cup_test_session_20260825,images/test/cup_test_0001.jpg,labels/test/cup_test_0001.txt,raw_images/train_cup/微信图片_20260825115918_145_576.jpg,manual_annotation,7a5b896eecc381fc0748289151b805f116a0e73e950370a6306775d6ec5247d3,863ff9c1191c505f
test,cup,1,2,cup_test_session_20260825,images/test/cup_test_0002.jpg,labels/test/cup_test_0002.txt,raw_images/train_cup/微信图片_20260825115922_146_576.jpg,manual_annotation,9e2071ca837b1c5e7ea00d2999c8b9963c0114fdc3e05adf09d7ae32eec8bf50,8547d87b4be9212d
test,cup,1,3,cup_test_session_20260825,images/test/cup_test_0003.jpg,labels/test/cup_test_0003.txt,raw_images/train_cup/微信图片_20260825115927_147_576.jpg,manual_annotation,c95d32ea56fea2a58172826ae54538715d5e49ab6ef2c1503c0522ebaaf7e0ab,b832133e78f1e346
test,cup,1,4,cup_test_session_20260825,images/test/cup_test_0004.jpg,labels/test/cup_test_0004.txt,raw_images/train_cup/微信图片_20260825115930_148_576.jpg,manual_annotation,8e5412de06b9ca364fea3184eae728e7384c93d0994e3daf97b65adafb2393f1,9001c3ddcf7f3630
test,cup,1,5,cup_test_session_20260825,images/test/cup_test_0005.jpg,labels/test/cup_test_0005.txt,raw_images/train_cup/微信图片_20260825115932_149_576.jpg,manual_annotation,49af71eed0ecad461d3369478a6573945b0933f87b74521dc64e63592d993048,d1039fd7cae8a131
test,cup,1,6,cup_test_session_20260825,images/test/cup_test_0006.jpg,labels/test/cup_test_0006.txt,raw_images/train_cup/微信图片_20260825115934_150_576.jpg,manual_annotation,c585a3175f5c046582cc91a1bb51f5fca92243fdb8397d203df281efaff4dd49,a40c8df4f472529f
test,cup,1,7,cup_test_session_20260825,images/test/cup_test_0007.jpg,labels/test/cup_test_0007.txt,raw_images/train_cup/微信图片_20260825115936_151_576.jpg,manual_annotation,269365076e15cf804472e86d84ea308e28020d0e9f5b62ca8ec1a3a464860cbe,8c0d2df5f5545646
test,cup,1,8,cup_test_session_20260825,images/test/cup_test_0008.jpg,labels/test/cup_test_0008.txt,raw_images/train_cup/微信图片_20260825115938_152_576.jpg,manual_annotation,b085f52043ab40324eba3de7161f902fa2ec169f470f314f70d5ce144d3c3a8f,b0010dbdfcf4686b
test,cup,1,9,cup_test_session_20260825,images/test/cup_test_0009.jpg,labels/test/cup_test_0009.txt,raw_images/train_cup/微信图片_20260825115940_153_576.jpg,manual_annotation,43160acf41856fa6653ceacaa026f0a9496cc8c7c4bf87c41cbaa04d46cb964c,f747079687074743
test,cup,1,10,cup_test_session_20260825,images/test/cup_test_0010.jpg,labels/test/cup_test_0010.txt,raw_images/train_cup/微信图片_20260825115943_154_576.jpg,manual_annotation,aaf5358773d0f25d96b0f1a2d5091756e4d3fac689b45cb997992ce29f5f60a1,f44a08d6cca52d5f
test,mouse,0,1,mouse_test_session_20260825,images/test/mouse_test_0001.jpg,labels/test/mouse_test_0001.txt,raw_images/train_mouse/微信图片_20260825115907_136_576.jpg,manual_annotation,9d9b0a8e77f00e1bbf1a13a28681b904e91d84d8a6134293dbfd6c021da9f244,a08fdf25708af8d8
test,mouse,0,2,mouse_test_session_20260825,images/test/mouse_test_0002.jpg,labels/test/mouse_test_0002.txt,raw_images/train_mouse/微信图片_20260825115908_137_576.jpg,manual_annotation,a369b892d27f8e9d89affe0cbed4662e00bee8051e55e1a44c49e0868e5ab1a8,d2b58d8732388ccf
test,mouse,0,3,mouse_test_session_20260825,images/test/mouse_test_0003.jpg,labels/test/mouse_test_0003.txt,raw_images/train_mouse/微信图片_20260825115909_138_576.jpg,manual_annotation,63174777651d33aa7f6165780dc9727d8d1373b199b38a79a07822537db6fbc3,e522989861657df6
test,mouse,0,4,mouse_test_session_20260825,images/test/mouse_test_0004.jpg,labels/test/mouse_test_0004.txt,raw_images/train_mouse/微信图片_20260825115910_139_576.jpg,manual_annotation,b57e95d50df7db2df28498551d6c47c05ca814967d07813289737d3a6a8f2b39,a5e49ac239c97327
test,mouse,0,5,mouse_test_session_20260825,images/test/mouse_test_0005.jpg,labels/test/mouse_test_0005.txt,raw_images/train_mouse/微信图片_20260825115911_140_576.jpg,manual_annotation,cd750c04344714a383559887053ef3896f903cb3097e9a767fa9dcbfbed8b833,f246cf5a3072335a
test,mouse,0,6,mouse_test_session_20260825,images/test/mouse_test_0006.jpg,labels/test/mouse_test_0006.txt,raw_images/train_mouse/微信图片_20260825115911_141_576.jpg,manual_annotation,4ce6d89b41f41f8bcdb158adf836572c0711c9b02830cf20dcd8eb5cc15a0e1f,e54dd852606c6e7a
test,mouse,0,7,mouse_test_session_20260825,images/test/mouse_test_0007.jpg,labels/test/mouse_test_0007.txt,raw_images/train_mouse/微信图片_20260825115912_142_576.jpg,manual_annotation,5d6d7685354aa7a6c70170d23d8c4f2bb682dfcf7de8b1371f5c548d47048346,e07fcc5971644c78
test,mouse,0,8,mouse_test_session_20260825,images/test/mouse_test_0008.jpg,labels/test/mouse_test_0008.txt,raw_images/train_mouse/微信图片_20260825115914_143_576.jpg,manual_annotation,5e1d3ff3c683f0408455832c403ee1391d8960d6adc7d6868b00e1f3cc08c3b2,e736986c25359a93
test,mouse,0,9,mouse_test_session_20260825,images/test/mouse_test_0009.jpg,labels/test/mouse_test_0009.txt,raw_images/train_mouse/微信图片_20260825115916_144_576.jpg,manual_annotation,9a7cbb5fd79786143abe6b82f45e593b225534d56f9b5b1b4242a1f6308314b2,e558da7159667898
test,mouse,0,10,mouse_test_session_20260825,images/test/mouse_test_0010.jpg,labels/test/mouse_test_0010.txt,D:/数据/xwechat_files/wxid_syrrz9uuhi8l22_fad7/temp/RWTemp/2026-08/7929b2dc9cc85e07e053820b0b6b1688/7b76a133048cf126e1e1639587e8efc0.jpg,manual_annotation,6c75c65a3f025ac939ca72e69737c113f24c7003cba52876308a7fc11519cf08,80fcd831278e99f9
