epoch,time,train/box_loss,train/cls_loss,train/dfl_loss,metrics/precision(B),metrics/recall(B),metrics/mAP50(B),metrics/mAP50-95(B),val/box_loss,val/cls_loss,val/dfl_loss,lr/pg0,lr/pg1,lr/pg2
1,13.6959,0.83041,4.64857,1.2671,0,0,0,0,0.49767,4.83569,1.10956,0.000509361,0.000509361,0.000509361
2,15.8869,0.91953,3.47142,1.379,0,0,0,0,0.70559,4.80806,1.2987,0.00105448,0.00105448,0.00105448
3,17.7176,1.11516,2.38119,1.58355,0.5,0.02083,0.0225,0.01575,1.55662,4.70095,2.41246,0.0015886,0.0015886,0.0015886
4,19.5077,1.19258,1.50697,1.6096,0.66667,0.08333,0.06,0.02556,1.56794,4.63026,2.17388,0.00161749,0.00161749,0.00161749
5,21.3524,0.97399,1.13199,1.40182,0.32939,0.5,0.39123,0.29241,1.69832,3.62085,2.23744,0.00160099,0.00160099,0.00160099
6,23.3229,0.90458,1.0141,1.33256,0.09353,0.52083,0.22104,0.14947,1.98965,3.45264,2.68003,0.00158448,0.00158448,0.00158448
7,25.3172,0.85415,0.92384,1.29215,0.53079,0.4375,0.02839,0.00705,2.7569,44.6508,4.14751,0.00156798,0.00156798,0.00156798
8,27.2103,0.82777,0.85581,1.27831,0.83333,0.45833,0.45612,0.21174,2.62018,4.89179,3.65341,0.00155148,0.00155148,0.00155148
9,29.1086,0.82414,0.84074,1.25887,0.72435,0.75,0.79787,0.45696,1.18735,1.61101,1.53558,0.00153497,0.00153497,0.00153497
10,31.0702,0.72119,0.77085,1.15399,0.659,0.96998,0.75564,0.41752,1.11478,4.38027,1.59575,0.00151847,0.00151847,0.00151847
11,32.9611,0.73861,0.74433,1.15736,0.61087,0.875,0.84296,0.58102,0.78387,2.3991,1.21911,0.00150197,0.00150197,0.00150197
12,34.8436,0.73008,0.71055,1.19075,0.85734,0.989,0.9942,0.80782,0.69607,1.09915,1.16194,0.00148546,0.00148546,0.00148546
13,36.7166,0.70226,0.70193,1.14242,0.9115,0.96353,0.99278,0.8293,0.5791,0.80741,1.07542,0.00146896,0.00146896,0.00146896
14,38.6042,0.68787,0.66481,1.11344,0.81121,1,0.97597,0.77318,0.62062,0.91969,1.15288,0.00145246,0.00145246,0.00145246
15,40.4734,0.71627,0.65186,1.14964,0.89313,0.91208,0.96666,0.66829,0.91122,0.84859,1.46188,0.00143595,0.00143595,0.00143595
16,42.3306,0.63442,0.63065,1.10689,0.99684,0.93985,0.995,0.84689,0.62804,0.66187,1.07772,0.00141945,0.00141945,0.00141945
17,44.199,0.6619,0.64519,1.10675,0.98818,1,0.995,0.81351,0.60921,0.58092,1.11133,0.00140295,0.00140295,0.00140295
18,46.0512,0.66924,0.60598,1.12683,0.98164,1,0.995,0.88429,0.52315,0.50787,0.99701,0.00138644,0.00138644,0.00138644
19,47.9605,0.64416,0.6271,1.09498,0.99708,1,0.995,0.83579,0.60045,0.49072,1.09292,0.00136994,0.00136994,0.00136994
20,49.8625,0.64455,0.60228,1.10361,0.9686,0.95257,0.99031,0.79263,0.75529,0.71183,1.16842,0.00135344,0.00135344,0.00135344
21,51.7399,0.64286,0.60198,1.11857,0.91887,1,0.99263,0.80282,0.69541,0.66297,1.13645,0.00133693,0.00133693,0.00133693
22,53.6065,0.60216,0.56785,1.06609,0.98173,0.97217,0.99346,0.86174,0.52367,0.51567,1.01378,0.00132043,0.00132043,0.00132043
23,55.547,0.57809,0.52448,1.06212,0.97657,1,0.9942,0.85335,0.51461,0.50574,1.00522,0.00130393,0.00130393,0.00130393
24,57.3654,0.55551,0.51851,1.03422,0.99562,1,0.995,0.87362,0.48133,0.42737,0.9792,0.00128742,0.00128742,0.00128742
25,59.2119,0.56791,0.52553,1.03591,0.99761,1,0.995,0.87943,0.48042,0.4082,0.95526,0.00127092,0.00127092,0.00127092
26,61.0555,0.57557,0.52395,1.07691,0.99114,1,0.995,0.83766,0.58871,0.43726,1.12447,0.00125442,0.00125442,0.00125442
27,62.9428,0.54607,0.5066,1.04112,0.99518,1,0.995,0.87597,0.50854,0.40885,1.01458,0.00123791,0.00123791,0.00123791
28,64.8019,0.51348,0.48404,1.00739,0.99057,1,0.995,0.88256,0.45759,0.41148,0.96273,0.00122141,0.00122141,0.00122141
29,66.7021,0.51566,0.48215,1.02386,0.9718,0.99899,0.995,0.86889,0.49332,0.43174,0.99065,0.00120491,0.00120491,0.00120491
30,68.5843,0.53278,0.49203,1.03648,0.94056,1,0.995,0.83415,0.73102,0.51435,1.15426,0.0011884,0.0011884,0.0011884
31,70.5056,0.56249,0.53562,1.04925,0.9885,0.99689,0.995,0.9115,0.42819,0.40273,0.91505,0.0011719,0.0011719,0.0011719
32,72.374,0.50093,0.4854,1.0057,0.97041,0.96638,0.99263,0.84305,0.57246,0.49325,1.08558,0.0011554,0.0011554,0.0011554
33,74.2177,0.53109,0.48818,1.02871,0.99629,1,0.995,0.86725,0.53838,0.41649,1.06134,0.00113889,0.00113889,0.00113889
34,76.0855,0.55783,0.48865,1.03818,0.98758,1,0.995,0.88589,0.47385,0.37374,0.94788,0.00112239,0.00112239,0.00112239
35,77.9192,0.54463,0.49557,1.02745,0.98752,1,0.995,0.91087,0.45735,0.40664,0.93896,0.00110589,0.00110589,0.00110589
36,79.8233,0.5073,0.46198,1.02261,0.98859,1,0.995,0.89219,0.45598,0.36195,0.98457,0.00108938,0.00108938,0.00108938
37,81.6752,0.47861,0.43975,0.99417,0.98136,1,0.995,0.85371,0.53406,0.3849,1.06218,0.00107288,0.00107288,0.00107288
38,83.5436,0.51012,0.45277,1.03332,0.97424,1,0.995,0.8764,0.49196,0.37352,1.01212,0.00105638,0.00105638,0.00105638
39,85.3736,0.44787,0.44062,0.98274,0.97364,1,0.991,0.87721,0.48881,0.38654,0.98574,0.00103987,0.00103987,0.00103987
40,87.2682,0.47592,0.45227,1.00591,0.9924,1,0.995,0.89303,0.47598,0.39305,0.96962,0.00102337,0.00102337,0.00102337
41,89.1337,0.46045,0.43241,0.99471,0.99018,0.99833,0.995,0.8918,0.46058,0.38861,0.95181,0.00100687,0.00100687,0.00100687
42,90.9926,0.48069,0.42993,1.0082,0.98332,0.99729,0.995,0.89157,0.43919,0.3611,0.93395,0.000990365,0.000990365,0.000990365
43,92.8521,0.4727,0.41387,0.98779,0.99675,0.97585,0.9942,0.90489,0.43332,0.35533,0.94809,0.000973861,0.000973861,0.000973861
44,94.7246,0.46416,0.40136,0.98468,0.99352,0.99813,0.995,0.92318,0.43901,0.3531,0.93768,0.000957358,0.000957358,0.000957358
45,96.6261,0.47217,0.41425,1.00217,0.99327,1,0.995,0.89901,0.42054,0.32936,0.93272,0.000940855,0.000940855,0.000940855
46,98.5201,0.44934,0.3961,0.98204,0.99621,1,0.995,0.90464,0.41167,0.33217,0.92586,0.000924352,0.000924352,0.000924352
47,100.35,0.45538,0.39649,0.98104,0.99746,1,0.995,0.90026,0.40875,0.33072,0.93986,0.000907848,0.000907848,0.000907848
48,102.206,0.4428,0.38893,0.9721,0.99725,1,0.995,0.90359,0.44493,0.33883,0.97621,0.000891345,0.000891345,0.000891345
49,104.081,0.46364,0.40624,0.98898,0.99252,1,0.995,0.91476,0.41832,0.33165,0.93334,0.000874842,0.000874842,0.000874842
50,105.983,0.40848,0.37799,0.95645,0.97634,0.98868,0.9942,0.88934,0.50335,0.37489,0.96554,0.000858338,0.000858338,0.000858338
51,107.851,0.43876,0.3956,0.97145,0.99634,1,0.995,0.91626,0.40631,0.31987,0.91182,0.000841835,0.000841835,0.000841835
52,109.693,0.44671,0.38412,0.97824,0.99383,1,0.995,0.9178,0.40739,0.30724,0.93967,0.000825332,0.000825332,0.000825332
53,111.622,0.41569,0.37448,0.96522,0.9964,1,0.995,0.88754,0.4537,0.35386,0.98607,0.000808828,0.000808828,0.000808828
54,113.564,0.43256,0.35626,0.98383,0.99539,1,0.995,0.91411,0.4111,0.30483,0.9548,0.000792325,0.000792325,0.000792325
55,115.454,0.46488,0.39981,0.99362,0.99475,0.98376,0.995,0.91054,0.39902,0.31088,0.91262,0.000775822,0.000775822,0.000775822
56,117.379,0.46052,0.37275,0.98412,0.99577,0.9899,0.995,0.92112,0.37663,0.32443,0.90965,0.000759318,0.000759318,0.000759318
57,119.412,0.45084,0.38377,0.97561,1,0.99191,0.995,0.89801,0.44786,0.35322,0.94833,0.000742815,0.000742815,0.000742815
58,121.237,0.40638,0.35535,0.9539,0.99493,1,0.995,0.91216,0.40301,0.32505,0.91898,0.000726312,0.000726312,0.000726312
59,123.067,0.44485,0.36866,0.98801,0.99485,1,0.995,0.93145,0.38503,0.31462,0.9041,0.000709809,0.000709809,0.000709809
60,124.919,0.39614,0.34171,0.95062,0.9968,0.99609,0.995,0.92901,0.3636,0.27945,0.90192,0.000693305,0.000693305,0.000693305
61,126.806,0.41196,0.3564,0.98174,0.99656,1,0.995,0.91801,0.38615,0.27721,0.91674,0.000676802,0.000676802,0.000676802
62,128.74,0.38477,0.3389,0.93625,0.99743,1,0.995,0.92369,0.36648,0.26709,0.90871,0.000660299,0.000660299,0.000660299
63,131.083,0.38648,0.34804,0.91577,0.99388,1,0.995,0.91948,0.39579,0.2751,0.9216,0.000643795,0.000643795,0.000643795
64,133.345,0.3981,0.32835,0.96582,0.99465,1,0.995,0.91436,0.40693,0.28774,0.95246,0.000627292,0.000627292,0.000627292
65,135.756,0.38739,0.34797,0.95243,0.99454,1,0.995,0.92957,0.37797,0.28507,0.9074,0.000610789,0.000610789,0.000610789
66,137.936,0.39358,0.35385,0.95004,0.99637,0.99023,0.995,0.92418,0.39807,0.2821,0.9275,0.000594286,0.000594286,0.000594286
67,139.904,0.38982,0.33679,0.96622,0.99524,1,0.995,0.92032,0.40517,0.28656,0.95608,0.000577782,0.000577782,0.000577782
68,141.804,0.38749,0.33243,0.95517,0.99742,1,0.995,0.92905,0.36107,0.26013,0.90836,0.000561279,0.000561279,0.000561279
69,143.789,0.3739,0.31781,0.93077,0.99595,1,0.995,0.93762,0.34209,0.26385,0.90107,0.000544776,0.000544776,0.000544776
70,145.779,0.34196,0.30549,0.91649,0.99559,1,0.995,0.93081,0.34434,0.25688,0.8948,0.000528272,0.000528272,0.000528272
71,147.696,0.37703,0.32975,0.94686,0.99567,1,0.995,0.91954,0.35021,0.24579,0.89994,0.000511769,0.000511769,0.000511769
72,149.639,0.41877,0.33675,0.96788,0.99583,1,0.995,0.92437,0.35479,0.26023,0.90262,0.000495266,0.000495266,0.000495266
73,151.625,0.38551,0.32156,0.94764,0.99476,1,0.995,0.90751,0.39164,0.27275,0.91147,0.000478762,0.000478762,0.000478762
74,153.678,0.38043,0.32263,0.95229,0.99788,0.99876,0.995,0.93187,0.35916,0.27987,0.88815,0.000462259,0.000462259,0.000462259
75,155.623,0.36216,0.32329,0.93108,0.99578,1,0.995,0.92731,0.36126,0.26571,0.89842,0.000445756,0.000445756,0.000445756
76,157.693,0.35666,0.31011,0.93556,0.99539,1,0.995,0.92942,0.35607,0.26225,0.90176,0.000429253,0.000429253,0.000429253
77,159.825,0.35124,0.31805,0.93538,0.98968,1,0.995,0.9255,0.35818,0.2606,0.90738,0.000412749,0.000412749,0.000412749
78,161.892,0.35767,0.29753,0.92789,0.99515,1,0.995,0.92642,0.35468,0.24316,0.90581,0.000396246,0.000396246,0.000396246
79,163.971,0.35348,0.29923,0.9363,0.99623,1,0.995,0.94132,0.35045,0.24825,0.89424,0.000379743,0.000379743,0.000379743
80,165.97,0.33944,0.29857,0.92621,0.99695,1,0.995,0.9338,0.36976,0.26269,0.90191,0.000363239,0.000363239,0.000363239
81,168.081,0.3397,0.28969,0.9287,0.99654,1,0.995,0.93106,0.34812,0.24693,0.90208,0.000346736,0.000346736,0.000346736
82,170.127,0.32388,0.29208,0.90953,0.99593,1,0.995,0.93509,0.32924,0.23455,0.89722,0.000330233,0.000330233,0.000330233
83,172.164,0.33278,0.28044,0.93052,0.99667,1,0.995,0.93221,0.33139,0.23819,0.88947,0.000313729,0.000313729,0.000313729
84,174.124,0.31581,0.27462,0.91009,0.99635,1,0.995,0.93134,0.33191,0.23618,0.89242,0.000297226,0.000297226,0.000297226
85,176.111,0.33525,0.28793,0.92488,0.99698,1,0.995,0.9366,0.33559,0.24408,0.89882,0.000280723,0.000280723,0.000280723
86,178.052,0.29862,0.2756,0.91396,0.99674,1,0.995,0.94717,0.31881,0.23464,0.87623,0.00026422,0.00026422,0.00026422
87,180.01,0.30551,0.27024,0.89887,0.99797,0.99907,0.995,0.93863,0.32477,0.2413,0.88043,0.000247716,0.000247716,0.000247716
88,181.952,0.30511,0.2684,0.90834,0.99814,0.99981,0.995,0.94825,0.3223,0.24002,0.87948,0.000231213,0.000231213,0.000231213
89,183.988,0.29229,0.25308,0.89391,0.99865,0.99684,0.995,0.94821,0.31713,0.23795,0.8728,0.00021471,0.00021471,0.00021471
90,185.945,0.32272,0.28471,0.92127,0.99844,0.99519,0.995,0.94578,0.30696,0.22659,0.87347,0.000198206,0.000198206,0.000198206
91,198.014,0.23542,0.31046,0.82869,0.99511,1,0.995,0.94683,0.31037,0.22866,0.87879,0.000181703,0.000181703,0.000181703
92,200.022,0.22815,0.27592,0.81484,0.99729,1,0.995,0.94433,0.33047,0.22777,0.89625,0.0001652,0.0001652,0.0001652
93,201.904,0.20341,0.24335,0.82093,0.99571,1,0.995,0.92854,0.3495,0.23709,0.90708,0.000148696,0.000148696,0.000148696
94,203.786,0.20397,0.22985,0.81236,0.99604,1,0.995,0.93998,0.34857,0.24619,0.91028,0.000132193,0.000132193,0.000132193
95,205.675,0.19789,0.22457,0.81528,0.99693,1,0.995,0.94373,0.34293,0.24505,0.9158,0.00011569,0.00011569,0.00011569
96,207.581,0.19641,0.21463,0.8179,0.99738,1,0.995,0.93707,0.34279,0.24383,0.92068,9.91865e-05,9.91865e-05,9.91865e-05
97,209.471,0.20204,0.21418,0.80507,0.99778,1,0.995,0.93133,0.34047,0.23749,0.92011,8.26832e-05,8.26832e-05,8.26832e-05
98,211.351,0.1937,0.21234,0.81344,0.99779,1,0.995,0.93015,0.33144,0.23129,0.91259,6.61799e-05,6.61799e-05,6.61799e-05
99,213.238,0.1842,0.22223,0.82233,0.99777,1,0.995,0.9329,0.32366,0.22456,0.90657,4.96766e-05,4.96766e-05,4.96766e-05
100,215.164,0.19129,0.20668,0.83143,0.99783,1,0.995,0.93222,0.32131,0.22715,0.90237,3.31733e-05,3.31733e-05,3.31733e-05
